sim_time,state,cmd_elev,act_elev,cmd_rud,act_rud,cmd_thr,act_thr,cmd_depth,state_target_depth,act_depth,pos_n,pos_e,depth,heading_deg,speed,pitch_deg,altitude,oa1_range,oa2_range,roll_deg,seafloor_n,seafloor_e,seafloor_d,faults_active,fault_components,detected,det_component,det_method,det_mismatch,elev_cnt,rud_cnt,thr_cnt,depth_cnt,V_batt,SOC,I_batt,P_total,eta_motor,P_motor,P_hotel,usbl_range,usbl_azimuth,usbl_elevation,dock_n,dock_e,dock_d,state_target_wp_id,py_alt_fwd,py_alt_aft,py_alt_left,py_alt_right,py_alt_avg,alt_diff
0.0,0,0.0,-0.0,0.0,-0.0,0.0,0.0,0.0,0.0,0.0,500.0,500.0,0.0,-0.0,0.0,-0.0,9.7,34.386,40.0,-0.0,500.0,500.0,9.7,0,none,0,none,none,0.0,0,0,0,0,46.86,0.84999993,0.639,30.0,0.0,0.0,30.0,0.0,0.0,0.0,100.0,200.0,50.0,0,,,,,,
1.0,0,-0.1548,-0.0776,-0.035,-0.0213,3.868,3.868,180.0,180.0,0.007,500.05,500.0,0.01,0.01,0.096,-5.12,9.75,34.393,40.0,0.43,500.05,500.0,9.76,0,none,0,none,none,0.0,0,0,0,0,46.47,0.84997485,4.513,209.7,0.036,179.7,30.0,0.0,0.0,0.0,100.0,200.0,50.0,0,,,,,,
2.0,0,-0.2568,-0.2363,-0.0727,-0.0572,3.868,3.868,180.0,180.0,0.028,500.18,500.0,0.03,0.14,0.166,-13.78,9.95,34.43,40.0,0.06,500.18,500.0,9.98,0,none,0,none,none,0.0,0,0,0,0,46.47,0.84994978,4.513,209.7,0.038,179.7,30.0,0.0,0.0,0.0,100.0,200.0,50.0,0,,,,,,
3.0,0,-0.1917,-0.237,-0.1074,-0.094,3.868,3.868,180.0,180.0,0.075,500.37,500.0,0.07,0.59,0.22,-18.4,10.15,34.443,40.0,0.41,500.37,500.0,10.22,0,none,0,none,none,0.0,0,0,0,0,46.47,0.8499247,4.513,209.7,0.041,179.7,30.0,0.0,0.0,0.0,100.0,200.0,50.0,0,,,,,,
4.0,0,0.0249,-0.0692,-0.1411,-0.1281,3.868,3.868,180.0,180.0,0.144,500.61,500.0,0.14,1.45,0.272,-16.24,9.95,34.318,40.0,0.2,500.61,500.0,10.09,0,none,0,none,none,0.0,0,0,0,0,46.47,0.84989963,4.513,209.7,0.044,179.7,30.0,0.0,0.0,0.0,100.0,200.0,50.0,0,,,,,,
5.0,0,0.2273,0.1553,-0.1704,-0.1589,3.868,3.868,180.0,180.0,0.219,500.9,500.01,0.22,2.75,0.329,-11.56,9.7,34.174,40.0,0.29,500.9,500.01,9.92,0,none,0,none,none,0.0,0,0,0,0,46.47,0.84987456,4.513,209.7,0.048,179.7,30.0,0.0,0.0,0.0,100.0,200.0,50.0,0,,,,,,
6.0,0,0.3539,0.312,-0.1931,-0.1856,3.868,3.868,180.0,180.0,0.289,501.25,500.02,0.29,4.57,0.384,-9.48,9.55,34.065,40.0,0.34,501.25,500.02,9.84,0,none,0,none,none,0.0,0,0,0,0,46.47,0.84984948,4.513,209.7,0.051,179.7,30.0,0.0,0.0,0.0,100.0,200.0,50.0,0,,,,,,
7.0,0,0.4274,0.4006,-0.2336,-0.2408,3.868,3.868,180.0,180.0,0.361,501.65,500.04,0.36,7.17,0.433,-11.21,9.55,33.995,40.0,0.32,501.65,500.04,9.91,0,none,0,none,none,0.0,0,0,0,0,46.47,0.84982441,4.513,209.7,0.055,179.7,30.0,0.0,0.0,0.0,100.0,200.0,50.0,0,,,,,,
8.0,0,0.4745,0.4673,-0.1916,-0.2098,3.868,3.868,180.0,180.0,0.453,502.09,500.08,0.45,10.93,0.471,-15.03,9.6,33.921,40.0,0.64,502.09,500.08,10.05,0,none,0,none,none,0.0,0,0,0,0,46.47,0.84979933,4.513,209.7,0.058,179.7,30.0,0.0,0.0,0.0,100.0,200.0,50.0,0,,,,,,
9.0,0,0.4202,0.4351,-0.144,-0.1631,3.868,3.868,180.0,180.0,0.583,502.56,500.15,0.58,15.63,0.503,-18.7,9.65,33.81,40.0,0.74,502.56,500.15,10.23,0,none,0,none,none,0.0,0,0,0,0,46.47,0.84977426,4.513,209.7,0.061,179.7,30.0,0.0,0.0,0.0,100.0,200.0,50.0,0,,,,,,
10.0,0,0.4167,0.4142,-0.0991,-0.1163,3.868,3.868,180.0,180.0,0.746,503.04,500.27,0.75,20.69,0.533,-20.44,9.55,33.625,40.0,1.07,503.04,500.27,10.3,0,none,0,none,none,0.0,0,0,0,0,46.47,0.84974918,4.513,209.7,0.063,179.7,30.0,0.0,0.0,0.0,100.0,200.0,50.0,0,,,,,,
11.0,0,0.4256,0.4228,-0.0604,-0.075,3.868,3.868,180.0,180.0,0.929,503.53,500.43,0.93,25.63,0.564,-20.7,9.4,33.407,40.0,0.98,503.53,500.43,10.33,0,none,0,none,none,0.0,0,0,0,0,46.47,0.84972411,4.513,209.7,0.066,179.7,30.0,0.0,0.0,0.0,100.0,200.0,50.0,0,,,,,,
12.0,0,0.4225,0.4256,-0.0297,-0.0411,3.868,3.868,180.0,180.0,1.125,504.03,500.65,1.12,30.1,0.595,-20.79,9.2,33.163,40.0,1.09,504.03,500.65,10.32,0,none,0,none,none,0.0,0,0,0,0,46.47,0.84969903,4.514,209.7,0.068,179.7,30.0,0.0,0.0,0.0,100.0,200.0,50.0,0,,,,,,
13.0,0,0.4077,0.4143,-0.0059,-0.0145,3.868,3.868,180.0,180.0,1.333,504.54,500.91,1.33,33.96,0.625,-21.3,9.0,32.908,40.0,0.95,504.54,500.91,10.33,0,none,0,none,none,0.0,0,0,0,0,46.47,0.84967396,4.514,209.7,0.071,179.7,30.0,0.0,0.0,0.0,100.0,200.0,50.0,0,,,,,,
14.0,0,0.3921,0.3979,0.0109,0.005,3.868,3.868,180.0,180.0,1.559,505.05,501.23,1.56,37.17,0.654,-22.07,8.8,32.636,40.0,0.93,505.05,501.23,10.36,0,none,0,none,none,0.0,0,0,0,0,46.47,0.84964888,4.514,209.7,0.073,179.7,30.0,0.0,0.0,0.0,100.0,200.0,50.0,0,,,,,,
15.0,0,0.3802,0.3846,0.0221,0.0182,3.868,3.868,180.0,180.0,1.802,505.56,501.59,1.8,39.75,0.682,-22.8,8.6,32.348,40.0,0.83,505.56,501.59,10.4,0,none,0,none,none,0.0,0,0,0,0,46.47,0.84962381,4.514,209.7,0.076,179.7,30.0,0.0,0.0,0.0,100.0,200.0,50.0,0,,,,,,
16.0,0,0.3706,0.3743,0.0283,0.0263,3.868,3.868,180.0,180.0,2.064,506.07,501.99,2.06,41.74,0.709,-23.42,5.0,31.327,34.36,0.75,506.07,501.99,7.06,0,none,0,none,none,0.0,0,0,0,0,46.47,0.84959873,4.514,209.7,0.078,179.7,30.0,0.0,0.0,0.0,100.0,200.0,50.0,0,,,,,,
17.0,0,0.3611,0.365,0.0307,0.03,3.868,3.868,180.0,180.0,2.343,506.58,502.42,2.34,43.21,0.735,-23.98,4.8,31.019,33.85,0.68,506.58,502.42,7.14,0,none,0,none,none,0.0,0,0,0,0,46.47,0.84957366,4.514,209.7,0.081,179.7,30.0,0.0,0.0,0.0,100.0,200.0,50.0,0,,,,,,
18.0,0,0.3513,0.3552,0.0305,0.0309,3.868,3.868,180.0,180.0,2.639,507.09,502.88,2.64,44.25,0.76,-24.53,4.45,30.674,33.146,0.58,507.09,502.88,7.09,0,none,0,none,none,0.0,0,0,0,0,46.47,0.84954858,4.514,209.7,0.083,179.7,30.0,0.0,0.0,0.0,100.0,200.0,50.0,0,,,,,,
19.0,0,0.3419,0.3456,0.0285,0.0294,3.868,3.868,180.0,180.0,2.952,507.6,503.36,2.95,44.92,0.785,-25.08,4.15,30.322,32.506,0.55,507.6,503.36,7.1,0,none,0,none,none,0.0,0,0,0,0,46.47,0.84952351,4.514,209.7,0.085,179.7,30.0,0.0,0.0,0.0,100.0,200.0,50.0,0,,,,,,
20.0,0,0.3329,0.3365,0.0254,0.0266,3.868,3.868,180.0,180.0,3.282,508.13,503.86,3.28,45.34,0.809,-25.61,3.8,29.948,31.811,0.47,508.13,503.86,7.08,0,none,0,none,none,0.0,0,0,0,0,46.47,0.84949843,4.514,209.7,0.087,179.7,30.0,0.0,0.0,0.0,100.0,200.0,50.0,0,,,,,,
21.0,0,0.3246,0.3279,0.0216,0.0232,3.868,3.868,180.0,180.0,3.628,508.65,504.39,3.63,45.55,0.831,-26.1,3.45,29.562,31.123,0.45,508.65,504.39,7.08,0,none,0,none,none,0.0,0,0,0,0,46.46,0.84947335,4.514,209.7,0.089,179.7,30.0,0.0,0.0,0.0,100.0,200.0,50.0,0,,,,,,
22.0,0,0.3167,0.3198,0.018,0.0194,3.868,3.868,180.0,180.0,3.99,509.19,504.93,3.99,45.62,0.853,-26.57,3.05,29.157,30.4,0.41,509.19,504.93,7.04,0,none,0,none,none,0.0,0,0,0,0,46.46,0.84944828,4.514,209.7,0.091,179.7,30.0,0.0,0.0,0.0,100.0,200.0,50.0,0,,,,,,
23.0,0,0.3092,0.3122,0.0143,0.0157,3.868,3.868,180.0,180.0,4.368,509.74,505.48,4.37,45.61,0.875,-27.02,2.65,28.741,29.697,0.4,509.74,505.48,7.02,0,none,0,none,none,0.0,0,0,0,0,46.46,0.8494232,4.514,209.7,0.093,179.7,30.0,0.0,0.0,0.0,100.0,200.0,50.0,0,,,,,,
24.0,0,0.3022,0.305,0.011,0.0123,3.868,3.868,180.0,180.0,4.761,510.29,506.05,4.76,45.54,0.895,-27.44,2.2,28.311,28.982,0.38,510.29,506.05,6.96,0,none,0,none,none,0.0,0,0,0,0,46.46,0.84939813,4.514,209.7,0.095,179.7,30.0,0.0,0.0,0.0,100.0,200.0,50.0,0,,,,,,
25.0,0,0.2955,0.2982,0.0082,0.0092,3.868,3.868,180.0,180.0,5.169,510.86,506.62,5.17,45.44,0.915,-27.84,1.75,27.872,28.304,0.36,510.86,506.62,6.92,0,none,0,none,none,0.0,0,0,0,0,46.46,0.84937305,4.514,209.7,0.097,179.7,30.0,0.0,0.0,0.0,100.0,200.0,50.0,0,,,,,,
26.0,0,0.2892,0.2917,0.0059,0.0067,3.868,3.868,180.0,180.0,5.592,511.43,507.21,5.59,45.34,0.934,-28.21,1.25,27.422,27.646,0.36,511.43,507.21,6.84,0,none,0,none,none,0.0,0,0,0,0,46.46,0.84934798,4.514,209.7,0.099,179.7,30.0,0.0,0.0,0.0,100.0,200.0,50.0,0,,,,,,
27.0,0,0.2833,0.2856,0.0043,0.0048,3.868,3.868,180.0,180.0,6.029,512.02,507.81,6.03,45.26,0.952,-28.57,0.8,26.969,27.062,0.35,512.02,507.81,6.83,0,none,0,none,none,0.0,0,0,0,0,46.46,0.8493229,4.514,209.7,0.1,179.7,30.0,0.0,0.0,0.0,100.0,200.0,50.0,0,,,,,,
28.0,0,0.2776,0.2798,0.0033,0.0036,3.868,3.868,180.0,180.0,6.479,512.61,508.41,6.48,45.19,0.97,-28.9,0.25,26.507,26.516,0.36,512.61,508.41,6.73,0,none,0,none,none,0.0,0,0,0,0,46.46,0.84929783,4.514,209.7,0.102,179.7,30.0,0.0,0.0,0.0,100.0,200.0,50.0,0,,,,,,
29.0,0,0.2723,0.2744,0.0029,0.0031,3.868,3.868,180.0,180.0,6.942,513.22,509.02,6.94,45.15,0.987,-29.22,0.25,26.043,26.052,0.36,513.22,509.02,7.19,0,none,0,none,none,0.0,0,0,0,0,46.46,0.84927275,4.514,209.7,0.104,179.7,30.0,0.0,0.0,0.0,100.0,200.0,50.0,0,,,,,,
30.0,0,0.2672,0.2692,0.003,0.0029,3.868,3.868,180.0,180.0,7.419,513.83,509.65,7.42,45.15,1.003,-29.52,0.0,25.949,25.968,0.37,513.83,509.65,0.0,0,none,0,none,none,0.0,0,0,0,0,46.46,0.84924768,4.514,209.7,0.105,179.7,30.0,0.0,0.0,0.0,100.0,200.0,50.0,0,,,,,,
31.0,0,0.2625,0.2644,0.0032,0.0031,3.868,3.868,180.0,180.0,7.907,514.46,510.28,7.91,45.16,1.019,-29.81,0.0,25.949,25.968,0.38,514.46,510.28,0.0,0,none,0,none,none,0.0,0,0,0,0,46.46,0.8492226,4.514,209.7,0.107,179.7,30.0,0.0,0.0,0.0,100.0,200.0,50.0,0,,,,,,
32.0,0,0.2579,0.2597,0.0036,0.0034,3.868,3.868,180.0,180.0,8.408,515.09,510.91,8.41,45.19,1.035,-30.08,0.0,25.949,25.968,0.39,515.09,510.91,0.0,0,none,0,none,none,0.0,0,0,0,0,46.46,0.84919753,4.514,209.7,0.108,179.7,30.0,0.0,0.0,0.0,100.0,200.0,50.0,0,,,,,,
33.0,0,0.2537,0.2554,0.004,0.0039,3.868,3.868,180.0,180.0,8.921,515.72,511.56,8.92,45.23,1.049,-30.33,0.0,25.949,25.968,0.4,515.72,511.56,0.0,0,none,0,none,none,0.0,0,0,0,0,46.46,0.84917245,4.514,209.7,0.109,179.7,30.0,0.0,0.0,0.0,100.0,200.0,50.0,0,,,,,,
34.0,0,0.2496,0.2512,0.0043,0.0042,3.868,3.868,180.0,180.0,9.444,516.37,512.21,9.44,45.27,1.064,-30.58,0.0,25.949,25.968,0.4,516.37,512.21,0.0,0,none,0,none,none,0.0,0,0,0,0,46.46,0.84914738,4.514,209.7,0.111,179.7,30.0,0.0,0.0,0.0,100.0,200.0,50.0,0,,,,,,
35.0,0,0.2458,0.2473,0.0045,0.0044,3.868,3.868,180.0,180.0,9.979,517.02,512.87,9.98,45.31,1.077,-30.81,0.0,25.949,25.968,0.41,517.02,512.87,0.0,0,none,0,none,none,0.0,0,0,0,0,46.46,0.8491223,4.514,209.7,0.112,179.7,30.0,0.0,0.0,0.0,100.0,200.0,50.0,0,,,,,,
36.0,0,0.2421,0.2436,0.0046,0.0045,3.868,3.868,180.0,180.0,10.524,517.68,513.54,10.52,45.34,1.091,-31.02,0.0,25.949,25.968,0.41,517.68,513.54,0.0,0,none,0,none,none,0.0,0,0,0,0,46.46,0.84909723,4.514,209.7,0.113,179.7,30.0,0.0,0.0,0.0,100.0,200.0,50.0,0,,,,,,
37.0,0,0.2387,0.24,0.0045,0.0045,3.868,3.868,180.0,180.0,11.079,518.34,514.21,11.08,45.36,1.103,-31.23,0.0,25.949,25.968,0.41,518.34,514.21,0.0,0,none,0,none,none,0.0,0,0,0,0,46.46,0.84907215,4.514,209.7,0.115,179.7,30.0,0.0,0.0,0.0,100.0,200.0,50.0,0,,,,,,
38.0,0,0.2354,0.2367,0.0044,0.0044,3.868,3.868,180.0,180.0,11.644,519.01,514.89,11.64,45.37,1.116,-31.42,0.0,25.949,25.968,0.41,519.01,514.89,0.0,0,none,0,none,none,0.0,0,0,0,0,46.46,0.84904708,4.514,209.7,0.116,179.7,30.0,0.0,0.0,0.0,100.0,200.0,50.0,0,,,,,,
39.0,0,0.2323,0.2335,0.0042,0.0043,3.868,3.868,180.0,180.0,12.219,519.69,515.58,12.22,45.37,1.128,-31.61,0.0,25.949,25.968,0.41,519.69,515.58,0.0,0,none,0,none,none,0.0,0,0,0,0,46.46,0.849022,4.514,209.7,0.117,179.7,30.0,0.0,0.0,0.0,100.0,200.0,50.0,0,,,,,,
40.0,0,0.2293,0.2305,0.004,0.004,3.868,3.868,180.0,180.0,12.802,520.37,516.27,12.8,45.36,1.139,-31.78,0.0,25.949,25.968,0.41,520.37,516.27,0.0,0,none,0,none,none,0.0,0,0,0,0,46.46,0.84899692,4.514,209.7,0.118,179.7,30.0,0.0,0.0,0.0,100.0,200.0,50.0,0,,,,,,
41.0,0,0.2265,0.2276,0.0038,0.0039,3.868,3.868,180.0,180.0,13.395,521.06,516.97,13.39,45.36,1.15,-31.95,0.0,25.949,25.968,0.41,521.06,516.97,0.0,0,none,0,none,none,0.0,0,0,0,0,46.46,0.84897185,4.514,209.7,0.119,179.7,30.0,0.0,0.0,0.0,100.0,200.0,50.0,0,,,,,,
42.0,0,0.2238,0.2249,0.0036,0.0037,3.868,3.868,180.0,180.0,13.996,521.75,517.68,14.0,45.35,1.161,-32.11,0.0,25.949,25.968,0.41,521.75,517.68,0.0,0,none,0,none,none,0.0,0,0,0,0,46.46,0.84894677,4.514,209.7,0.12,179.7,30.0,0.0,0.0,0.0,100.0,200.0,50.0,0,,,,,,
43.0,0,0.2214,0.2224,0.0035,0.0036,3.868,3.868,180.0,180.0,14.605,522.44,518.39,14.6,45.34,1.171,-32.26,0.0,25.949,25.968,0.41,522.44,518.39,0.0,0,none,0,none,none,0.0,0,0,0,0,46.46,0.8489217,4.514,209.7,0.121,179.7,30.0,0.0,0.0,0.0,100.0,200.0,50.0,0,,,,,,
44.0,0,0.219,0.2199,0.0034,0.0034,3.868,3.868,180.0,180.0,15.222,523.15,519.1,15.22,45.33,1.181,-32.4,0.0,25.949,25.968,0.42,523.15,519.1,0.0,0,none,0,none,none,0.0,0,0,0,0,46.46,0.84889662,4.514,209.7,0.122,179.7,30.0,0.0,0.0,0.0,100.0,200.0,50.0,0,,,,,,
45.0,0,0.2167,0.2176,0.0033,0.0034,3.868,3.868,180.0,180.0,15.846,523.85,519.82,15.85,45.33,1.19,-32.53,0.0,25.949,25.968,0.42,523.85,519.82,0.0,0,none,0,none,none,0.0,0,0,0,0,46.46,0.84887155,4.514,209.7,0.123,179.7,30.0,0.0,0.0,0.0,100.0,200.0,50.0,0,,,,,,
46.0,0,0.2146,0.2154,0.0033,0.0033,3.868,3.868,180.0,180.0,16.478,524.56,520.54,16.48,45.33,1.199,-32.66,0.0,25.949,25.968,0.42,524.56,520.54,0.0,0,none,0,none,none,0.0,0,0,0,0,46.46,0.84884647,4.514,209.7,0.124,179.7,30.0,0.0,0.0,0.0,100.0,200.0,50.0,0,,,,,,
47.0,0,0.2125,0.2133,0.0033,0.0033,3.868,3.868,180.0,180.0,17.116,525.28,521.27,17.12,45.33,1.208,-32.78,0.0,25.949,25.968,0.42,525.28,521.27,0.0,0,none,0,none,none,0.0,0,0,0,0,46.46,0.8488214,4.514,209.7,0.124,179.7,30.0,0.0,0.0,0.0,100.0,200.0,50.0,0,,,,,,
48.0,0,0.2106,0.2113,0.0034,0.0033,3.868,3.868,180.0,180.0,17.762,526.0,522.0,17.76,45.33,1.216,-32.9,0.0,25.949,25.968,0.42,526.0,522.0,0.0,0,none,0,none,none,0.0,0,0,0,0,46.46,0.84879632,4.514,209.7,0.125,179.7,30.0,0.0,0.0,0.0,100.0,200.0,50.0,0,,,,,,
49.0,0,0.2088,0.2095,0.0032,0.0033,3.868,3.868,180.0,180.0,18.413,526.72,522.73,18.41,45.32,1.224,-33.01,0.0,25.949,25.968,0.43,526.72,522.73,0.0,0,none,0,none,none,0.0,0,0,0,0,46.46,0.84877125,4.514,209.7,0.126,179.7,30.0,0.0,0.0,0.0,100.0,200.0,50.0,0,,,,,,
50.0,0,0.207,0.2077,0.0033,0.0034,3.868,3.868,180.0,180.0,19.071,527.45,523.47,19.07,45.32,1.232,-33.11,0.0,25.949,25.968,0.43,527.45,523.47,0.0,0,none,0,none,none,0.0,0,0,0,0,46.46,0.84874617,4.514,209.7,0.127,179.7,30.0,0.0,0.0,0.0,100.0,200.0,50.0,0,,,,,,
51.0,0,0.2054,0.2061,0.0032,0.0032,3.868,3.868,180.0,180.0,19.735,528.18,524.21,19.74,45.32,1.239,-33.21,0.0,25.949,25.968,0.43,528.18,524.21,0.0,0,none,0,none,none,0.0,0,0,0,0,46.46,0.84872109,4.514,209.7,0.127,179.7,30.0,0.0,0.0,0.0,100.0,200.0,50.0,0,,,,,,
52.0,0,0.2038,0.2044,0.0032,0.0033,3.868,3.868,180.0,180.0,20.405,528.92,524.96,20.4,45.32,1.246,-33.3,0.0,25.949,25.968,0.43,528.92,524.96,0.0,0,none,0,none,none,0.0,0,0,0,0,46.46,0.84869602,4.514,209.7,0.128,179.7,30.0,0.0,0.0,0.0,100.0,200.0,50.0,0,,,,,,
53.0,0,0.2023,0.2029,0.0032,0.0032,3.868,3.868,180.0,180.0,21.079,529.65,525.71,21.08,45.32,1.253,-33.39,0.0,25.949,25.968,0.43,529.65,525.71,0.0,0,none,0,none,none,0.0,0,0,0,0,46.46,0.84867094,4.514,209.7,0.129,179.7,30.0,0.0,0.0,0.0,100.0,200.0,50.0,0,,,,,,
54.0,0,0.201,0.2015,0.0032,0.0032,3.868,3.868,180.0,180.0,21.759,530.39,526.46,21.76,45.32,1.259,-33.47,0.0,25.949,25.968,0.43,530.39,526.46,0.0,0,none,0,none,none,0.0,0,0,0,0,46.46,0.84864587,4.514,209.7,0.129,179.7,30.0,0.0,0.0,0.0,100.0,200.0,50.0,0,,,,,,
55.0,0,0.1996,0.2001,0.0031,0.0031,3.868,3.868,180.0,180.0,22.444,531.14,527.22,22.44,45.32,1.265,-33.55,0.0,25.949,25.968,0.43,531.14,527.22,0.0,0,none,0,none,none,0.0,0,0,0,0,46.46,0.84862079,4.514,209.7,0.13,179.7,30.0,0.0,0.0,0.0,100.0,200.0,50.0,0,,,,,,
56.0,0,0.1983,0.1988,0.0031,0.0031,3.868,3.868,180.0,180.0,23.134,531.88,527.97,23.13,45.32,1.271,-33.63,0.0,25.949,25.968,0.43,531.88,527.97,0.0,0,none,0,none,none,0.0,0,0,0,0,46.46,0.84859572,4.514,209.7,0.13,179.7,30.0,0.0,0.0,0.0,100.0,200.0,50.0,0,,,,,,
57.0,0,0.1971,0.1976,0.0031,0.0031,3.868,3.868,180.0,180.0,23.828,532.63,528.73,23.83,45.31,1.277,-33.7,0.0,25.949,25.968,0.44,532.63,528.73,0.0,0,none,0,none,none,0.0,0,0,0,0,46.46,0.84857064,4.514,209.7,0.131,179.7,30.0,0.0,0.0,0.0,100.0,200.0,50.0,0,,,,,,
58.0,0,0.196,0.1964,0.0031,0.003,3.868,3.868,180.0,180.0,24.527,533.39,529.5,24.53,45.31,1.282,-33.77,0.0,25.949,25.968,0.44,533.39,529.5,0.0,0,none,0,none,none,0.0,0,0,0,0,46.46,0.84854557,4.514,209.7,0.132,179.7,30.0,0.0,0.0,0.0,100.0,200.0,50.0,0,,,,,,
59.0,0,0.1949,0.1954,0.0031,0.0031,3.868,3.868,180.0,180.0,25.23,534.14,530.26,25.23,45.31,1.287,-33.83,0.0,25.949,25.968,0.44,534.14,530.26,0.0,0,none,0,none,none,0.0,0,0,0,0,46.46,0.84852049,4.514,209.7,0.132,179.7,30.0,0.0,0.0,0.0,100.0,200.0,50.0,0,,,,,,
60.0,0,0.1939,0.1943,0.003,0.0031,3.868,3.868,180.0,180.0,25.936,534.9,531.03,25.94,45.31,1.292,-33.89,0.0,25.949,25.968,0.44,534.9,531.03,0.0,0,none,0,none,none,0.0,0,0,0,0,46.46,0.84849541,4.514,209.7,0.132,179.7,30.0,0.0,0.0,0.0,100.0,200.0,50.0,0,,,,,,
61.0,1,0.1625,0.1715,0.003,0.0031,3.868,3.868,180.0,180.0,26.647,535.66,531.81,26.65,45.32,1.299,-33.25,0.0,25.949,25.968,0.54,535.66,531.81,0.0,0,none,0,none,none,0.0,0,0,0,0,46.46,0.84846908,4.514,209.7,0.133,179.7,30.0,0.0,0.0,0.0,100.0,200.0,50.0,0,,,,,,
62.0,1,0.0955,0.1112,0.0032,0.0035,3.868,3.868,180.0,180.0,27.34,536.43,532.59,27.34,45.33,1.306,-31.62,0.0,25.949,25.968,0.29,536.43,532.59,0.0,0,none,0,none,none,0.0,0,0,0,0,46.46,0.848444,4.514,209.7,0.134,179.7,30.0,0.0,0.0,0.0,100.0,200.0,50.0,0,,,,,,
63.0,1,0.0915,0.0921,0.0022,0.0022,3.868,3.868,180.0,180.0,27.999,537.23,533.4,28.0,45.32,1.314,-28.27,0.0,25.949,25.968,0.42,537.23,533.4,0.0,0,none,0,none,none,0.0,0,0,0,0,46.46,0.84841893,4.514,209.7,0.135,179.7,30.0,0.0,0.0,0.0,100.0,200.0,50.0,0,,,,,,
64.0,1,0.0906,0.0913,0.0024,0.0026,3.868,3.868,180.0,180.0,28.597,538.05,534.23,28.6,45.31,1.324,-24.82,0.0,25.949,25.968,0.24,538.05,534.23,0.0,0,none,0,none,none,0.0,0,0,0,0,46.46,0.84839385,4.514,209.7,0.135,179.7,30.0,0.0,0.0,0.0,100.0,200.0,50.0,0,,,,,,
65.0,1,0.0912,0.0904,0.0011,0.0014,3.868,3.868,180.0,180.0,29.135,538.9,535.1,29.14,45.27,1.333,-22.51,0.0,25.949,25.968,0.31,538.9,535.1,0.0,0,none,0,none,none,0.0,0,0,0,0,46.46,0.84836878,4.514,209.7,0.136,179.7,30.0,0.0,0.0,0.0,100.0,200.0,50.0,0,,,,,,
66.0,1,0.0935,0.0926,0.0013,0.0014,3.868,3.868,180.0,180.0,29.635,539.78,535.98,29.64,45.23,1.342,-21.39,0.0,25.949,25.968,0.25,539.78,535.98,0.0,0,none,0,none,none,0.0,0,0,0,0,46.46,0.8483437,4.514,209.7,0.137,179.7,30.0,0.0,0.0,0.0,100.0,200.0,50.0,0,,,,,,
67.0,1,0.0918,0.0935,0.0009,0.001,3.868,3.868,180.0,180.0,30.117,540.66,536.88,30.12,45.2,1.349,-21.29,0.0,25.949,25.968,0.29,540.66,536.88,0.0,0,none,0,none,none,0.0,0,0,0,0,46.46,0.84831862,4.514,209.7,0.138,179.7,30.0,0.0,0.0,0.0,100.0,200.0,50.0,0,,,,,,
68.0,1,0.0898,0.0901,0.0012,0.0011,3.868,3.868,180.0,180.0,30.602,541.55,537.77,30.6,45.18,1.354,-21.69,0.0,25.949,25.968,0.29,541.55,537.77,0.0,0,none,0,none,none,0.0,0,0,0,0,46.46,0.84829355,4.514,209.7,0.138,179.7,30.0,0.0,0.0,0.0,100.0,200.0,50.0,0,,,,,,
69.0,1,0.0889,0.0895,0.0014,0.0013,3.868,3.868,180.0,180.0,31.097,542.44,538.67,31.1,45.18,1.359,-22.03,0.0,25.949,25.968,0.3,542.44,538.67,0.0,0,none,0,none,none,0.0,0,0,0,0,46.46,0.84826847,4.514,209.7,0.139,179.7,30.0,0.0,0.0,0.0,100.0,200.0,50.0,0,,,,,,
70.0,1,0.087,0.0878,0.0016,0.0015,3.868,3.868,180.0,180.0,31.6,543.33,539.57,31.6,45.19,1.364,-22.2,0.0,25.949,25.968,0.31,543.33,539.57,0.0,0,none,0,none,none,0.0,0,0,0,0,46.46,0.8482434,4.514,209.7,0.139,179.7,30.0,0.0,0.0,0.0,100.0,200.0,50.0,0,,,,,,
71.0,1,0.0852,0.0859,0.0018,0.0017,3.868,3.868,180.0,180.0,32.108,544.22,540.47,32.11,45.2,1.369,-22.21,0.0,25.949,25.968,0.3,544.22,540.47,0.0,0,none,0,none,none,0.0,0,0,0,0,46.46,0.84821832,4.514,209.7,0.14,179.7,30.0,0.0,0.0,0.0,100.0,200.0,50.0,0,,,,,,
72.0,1,0.0837,0.0842,0.0019,0.0018,3.868,3.868,180.0,180.0,32.617,545.12,541.37,32.62,45.21,1.374,-22.11,0.0,25.949,25.968,0.31,545.12,541.37,0.0,0,none,0,none,none,0.0,0,0,0,0,46.46,0.84819325,4.514,209.7,0.14,179.7,30.0,0.0,0.0,0.0,100.0,200.0,50.0,0,,,,,,
73.0,1,0.0824,0.0828,0.0019,0.002,3.868,3.868,180.0,180.0,33.125,546.02,542.28,33.12,45.21,1.378,-21.97,0.0,25.949,25.968,0.3,546.02,542.28,0.0,0,none,0,none,none,0.0,0,0,0,0,46.46,0.84816817,4.514,209.7,0.141,179.7,30.0,0.0,0.0,0.0,100.0,200.0,50.0,0,,,,,,
74.0,1,0.0813,0.0817,0.0019,0.0019,3.868,3.868,180.0,180.0,33.631,546.92,543.2,33.63,45.22,1.383,-21.83,0.0,25.949,25.968,0.3,546.92,543.2,0.0,0,none,0,none,none,0.0,0,0,0,0,46.46,0.84814309,4.514,209.7,0.141,179.7,30.0,0.0,0.0,0.0,100.0,200.0,50.0,0,,,,,,
75.0,1,0.0804,0.0807,0.0018,0.0019,3.868,3.868,180.0,180.0,34.136,547.83,544.11,34.14,45.22,1.387,-21.71,0.0,25.949,25.968,0.3,547.83,544.11,0.0,0,none,0,none,none,0.0,0,0,0,0,46.46,0.84811802,4.514,209.7,0.142,179.7,30.0,0.0,0.0,0.0,100.0,200.0,50.0,0,,,,,,
76.0,1,0.0795,0.0799,0.0018,0.0018,3.868,3.868,180.0,180.0,34.641,548.74,545.03,34.64,45.22,1.391,-21.61,0.0,25.949,25.968,0.3,548.74,545.03,0.0,0,none,0,none,none,0.0,0,0,0,0,46.45,0.84809294,4.514,209.7,0.142,179.7,30.0,0.0,0.0,0.0,100.0,200.0,50.0,0,,,,,,
77.0,1,0.0788,0.0791,0.0018,0.0017,3.868,3.868,180.0,180.0,35.144,549.65,545.95,35.14,45.22,1.394,-21.54,0.0,25.949,25.968,0.3,549.65,545.95,0.0,0,none,0,none,none,0.0,0,0,0,0,46.45,0.84806787,4.514,209.7,0.142,179.7,30.0,0.0,0.0,0.0,100.0,200.0,50.0,0,,,,,,
78.0,1,0.0779,0.0783,0.0018,0.0017,3.868,3.868,180.0,180.0,35.648,550.57,546.88,35.65,45.21,1.398,-21.48,0.0,25.949,25.968,0.3,550.57,546.88,0.0,0,none,0,none,none,0.0,0,0,0,0,46.45,0.84804279,4.514,209.7,0.143,179.7,30.0,0.0,0.0,0.0,100.0,200.0,50.0,0,,,,,,
79.0,1,0.0772,0.0775,0.0017,0.0016,3.868,3.868,180.0,180.0,36.151,551.49,547.81,36.15,45.21,1.401,-21.42,0.0,25.949,25.968,0.3,551.49,547.81,0.0,0,none,0,none,none,0.0,0,0,0,0,46.45,0.84801771,4.514,209.7,0.143,179.7,30.0,0.0,0.0,0.0,100.0,200.0,50.0,0,,,,,,
80.0,1,0.0765,0.0768,0.0016,0.0017,3.868,3.868,180.0,180.0,36.654,552.41,548.74,36.65,45.21,1.404,-21.37,0.0,25.949,25.968,0.3,552.41,548.74,0.0,0,none,0,none,none,0.0,0,0,0,0,46.45,0.84799264,4.514,209.7,0.143,179.7,30.0,0.0,0.0,0.0,100.0,200.0,50.0,0,,,,,,
81.0,1,0.0759,0.0761,0.0017,0.0017,3.868,3.868,180.0,180.0,37.157,553.33,549.67,37.16,45.21,1.407,-21.32,0.0,25.949,25.968,0.3,553.33,549.67,0.0,0,none,0,none,none,0.0,0,0,0,0,46.45,0.84796756,4.514,209.7,0.144,179.7,30.0,0.0,0.0,0.0,100.0,200.0,50.0,0,,,,,,
82.0,1,0.0753,0.0755,0.0017,0.0016,3.868,3.868,180.0,180.0,37.66,554.26,550.6,37.66,45.21,1.41,-21.26,0.0,25.949,25.968,0.3,554.26,550.6,0.0,0,none,0,none,none,0.0,0,0,0,0,46.45,0.84794249,4.514,209.7,0.144,179.7,30.0,0.0,0.0,0.0,100.0,200.0,50.0,0,,,,,,
83.0,1,0.0747,0.0749,0.0016,0.0016,3.868,3.868,180.0,180.0,38.163,555.19,551.54,38.16,45.2,1.412,-21.21,0.0,25.949,25.968,0.29,555.19,551.54,0.0,0,none,0,none,none,0.0,0,0,0,0,46.45,0.84791741,4.514,209.7,0.144,179.7,30.0,0.0,0.0,0.0,100.0,200.0,50.0,0,,,,,,
84.0,1,0.0742,0.0744,0.0016,0.0016,3.868,3.868,180.0,180.0,38.666,556.12,552.48,38.67,45.2,1.415,-21.17,0.0,25.949,25.968,0.29,556.12,552.48,0.0,0,none,0,none,none,0.0,0,0,0,0,46.45,0.84789233,4.514,209.7,0.144,179.7,30.0,0.0,0.0,0.0,100.0,200.0,50.0,0,,,,,,
85.0,1,0.0737,0.0739,0.0016,0.0017,3.868,3.868,180.0,180.0,39.168,557.05,553.42,39.17,45.2,1.417,-21.12,0.0,25.949,25.968,0.29,557.05,553.42,0.0,0,none,0,none,none,0.0,0,0,0,0,46.45,0.84786726,4.514,209.7,0.144,179.7,30.0,0.0,0.0,0.0,100.0,200.0,50.0,0,,,,,,
86.0,1,0.0732,0.0734,0.0016,0.0017,3.868,3.868,180.0,180.0,39.67,557.98,554.36,39.67,45.2,1.419,-21.08,0.0,25.949,25.968,0.29,557.98,554.36,0.0,0,none,0,none,none,0.0,0,0,0,0,46.45,0.84784218,4.514,209.7,0.145,179.7,30.0,0.0,0.0,0.0,100.0,200.0,50.0,0,,,,,,
87.0,1,0.0728,0.073,0.0017,0.0016,3.868,3.868,180.0,180.0,40.172,558.92,555.31,40.17,45.2,1.421,-21.04,0.0,25.949,25.968,0.29,558.92,555.31,0.0,0,none,0,none,none,0.0,0,0,0,0,46.45,0.84781711,4.514,209.7,0.145,179.7,30.0,0.0,0.0,0.0,100.0,200.0,50.0,0,,,,,,
88.0,1,0.0724,0.0725,0.0016,0.0016,3.868,3.868,180.0,180.0,40.674,559.86,556.25,40.67,45.2,1.423,-21.01,0.0,25.949,25.968,0.29,559.86,556.25,0.0,0,none,0,none,none,0.0,0,0,0,0,46.45,0.84779203,4.514,209.7,0.145,179.7,30.0,0.0,0.0,0.0,100.0,200.0,50.0,0,,,,,,
89.0,1,0.072,0.0722,0.0017,0.0016,3.868,3.868,180.0,180.0,41.176,560.79,557.2,41.18,45.2,1.425,-20.98,0.0,25.949,25.968,0.29,560.79,557.2,0.0,0,none,0,none,none,0.0,0,0,0,0,46.45,0.84776695,4.514,209.7,0.145,179.7,30.0,0.0,0.0,0.0,100.0,200.0,50.0,0,,,,,,
90.0,1,0.0717,0.0718,0.0016,0.0016,3.868,3.868,180.0,180.0,41.678,561.73,558.15,41.68,45.2,1.427,-20.94,0.0,25.949,25.968,0.29,561.73,558.15,0.0,0,none,0,none,none,0.0,0,0,0,0,46.45,0.84774188,4.514,209.7,0.145,179.7,30.0,0.0,0.0,0.0,100.0,200.0,50.0,0,,,,,,
91.0,1,0.0714,0.0715,0.0017,0.0016,3.868,3.868,180.0,180.0,42.179,562.67,559.1,42.18,45.2,1.429,-20.92,0.0,25.949,25.968,0.29,562.67,559.1,0.0,0,none,0,none,none,0.0,0,0,0,0,46.45,0.8477168,4.514,209.7,0.146,179.7,30.0,0.0,0.0,0.0,100.0,200.0,50.0,0,,,,,,
92.0,1,0.0711,0.0711,0.0016,0.0016,3.868,3.868,180.0,180.0,42.681,563.62,560.05,42.68,45.2,1.43,-20.89,0.0,25.949,25.968,0.29,563.62,560.05,0.0,0,none,0,none,none,0.0,0,0,0,0,46.45,0.84769173,4.514,209.7,0.146,179.7,30.0,0.0,0.0,0.0,100.0,200.0,50.0,0,,,,,,
93.0,1,0.0707,0.0709,0.0017,0.0016,3.868,3.868,180.0,180.0,43.182,564.56,561.0,43.18,45.2,1.432,-20.86,0.0,25.949,25.968,0.29,564.56,561.0,0.0,0,none,0,none,none,0.0,0,0,0,0,46.45,0.84766665,4.514,209.7,0.146,179.7,30.0,0.0,0.0,0.0,100.0,200.0,50.0,0,,,,,,
94.0,1,0.0705,0.0706,0.0015,0.0016,3.868,3.868,180.0,180.0,43.684,565.5,561.95,43.68,45.2,1.433,-20.84,0.0,25.949,25.968,0.29,565.5,561.95,0.0,0,none,0,none,none,0.0,0,0,0,0,46.45,0.84764157,4.514,209.7,0.146,179.7,30.0,0.0,0.0,0.0,100.0,200.0,50.0,0,,,,,,
95.0,1,0.0702,0.0703,0.0015,0.0016,3.868,3.868,180.0,180.0,44.185,566.45,562.91,44.19,45.2,1.434,-20.82,0.0,25.949,25.968,0.29,566.45,562.91,0.0,0,none,0,none,none,0.0,0,0,0,0,46.45,0.8476165,4.514,209.7,0.146,179.7,30.0,0.0,0.0,0.0,100.0,200.0,50.0,0,,,,,,
96.0,1,0.07,0.0701,0.0016,0.0016,3.868,3.868,180.0,180.0,44.686,567.4,563.86,44.69,45.2,1.435,-20.79,0.0,25.949,25.968,0.29,567.4,563.86,0.0,0,none,0,none,none,0.0,0,0,0,0,46.45,0.84759142,4.514,209.7,0.146,179.7,30.0,0.0,0.0,0.0,100.0,200.0,50.0,0,,,,,,
97.0,1,0.0698,0.0698,0.0016,0.0016,3.868,3.868,180.0,180.0,45.187,568.34,564.82,45.19,45.2,1.436,-20.77,0.0,25.949,25.968,0.29,568.34,564.82,0.0,0,none,0,none,none,0.0,0,0,0,0,46.45,0.84756634,4.514,209.7,0.146,179.7,30.0,0.0,0.0,0.0,100.0,200.0,50.0,0,,,,,,
98.0,1,0.0695,0.0696,0.0016,0.0015,3.868,3.868,180.0,180.0,45.688,569.29,565.77,45.69,45.2,1.437,-20.75,0.0,25.949,25.968,0.29,569.29,565.77,0.0,0,none,0,none,none,0.0,0,0,0,0,46.45,0.84754127,4.514,209.7,0.146,179.7,30.0,0.0,0.0,0.0,100.0,200.0,50.0,0,,,,,,
99.0,1,0.0694,0.0695,0.0015,0.0015,3.868,3.868,180.0,180.0,46.189,570.24,566.73,46.19,45.2,1.438,-20.74,0.0,25.949,25.968,0.29,570.24,566.73,0.0,0,none,0,none,none,0.0,0,0,0,0,46.45,0.84751619,4.514,209.7,0.147,179.7,30.0,0.0,0.0,0.0,100.0,200.0,50.0,0,,,,,,
100.0,1,0.0692,0.0692,0.0017,0.0016,3.868,3.868,180.0,180.0,46.69,571.19,567.69,46.69,45.2,1.439,-20.72,0.0,25.949,25.968,0.29,571.19,567.69,0.0,0,none,0,none,none,0.0,0,0,0,0,46.45,0.84749112,4.514,209.7,0.147,179.7,30.0,0.0,0.0,0.0,100.0,200.0,50.0,0,,,,,,
101.0,1,0.069,0.0691,0.0016,0.0016,3.868,3.868,180.0,180.0,47.191,572.14,568.65,47.19,45.2,1.44,-20.7,0.0,25.949,25.968,0.29,572.14,568.65,0.0,0,none,0,none,none,0.0,0,0,0,0,46.45,0.84746604,4.514,209.7,0.147,179.7,30.0,0.0,0.0,0.0,100.0,200.0,50.0,0,,,,,,
102.0,1,0.0688,0.0689,0.0016,0.0015,3.868,3.868,180.0,180.0,47.692,573.09,569.61,47.69,45.2,1.441,-20.69,0.0,25.949,25.968,0.29,573.09,569.61,0.0,0,none,0,none,none,0.0,0,0,0,0,46.45,0.84744096,4.514,209.7,0.147,179.7,30.0,0.0,0.0,0.0,100.0,200.0,50.0,0,,,,,,
103.0,1,0.0687,0.0687,0.0015,0.0016,3.868,3.868,180.0,180.0,48.193,574.04,570.57,48.19,45.2,1.442,-20.68,0.0,25.949,25.968,0.29,574.04,570.57,0.0,0,none,0,none,none,0.0,0,0,0,0,46.45,0.84741589,4.514,209.7,0.147,179.7,30.0,0.0,0.0,0.0,100.0,200.0,50.0,0,,,,,,
104.0,1,0.0686,0.0686,0.0016,0.0016,3.868,3.868,180.0,180.0,48.693,575.0,571.53,48.69,45.2,1.443,-20.66,0.0,25.949,25.968,0.29,575.0,571.53,0.0,0,none,0,none,none,0.0,0,0,0,0,46.45,0.84739081,4.514,209.7,0.147,179.7,30.0,0.0,0.0,0.0,100.0,200.0,50.0,0,,,,,,
105.0,1,0.0684,0.0685,0.0016,0.0015,3.868,3.868,180.0,180.0,49.194,575.95,572.49,49.19,45.2,1.443,-20.65,0.0,25.949,25.968,0.29,575.95,572.49,0.0,0,none,0,none,none,0.0,0,0,0,0,46.45,0.84736573,4.514,209.7,0.147,179.7,30.0,0.0,0.0,0.0,100.0,200.0,50.0,0,,,,,,
106.0,1,0.0683,0.0684,0.0016,0.0016,3.868,3.868,180.0,180.0,49.695,576.9,573.45,49.69,45.2,1.444,-20.64,0.0,25.949,25.968,0.29,576.9,573.45,0.0,0,none,0,none,none,0.0,0,0,0,0,46.45,0.84734066,4.514,209.7,0.147,179.7,30.0,0.0,0.0,0.0,100.0,200.0,50.0,0,,,,,,
107.0,1,0.0682,0.0682,0.0015,0.0016,3.868,3.868,180.0,180.0,50.195,577.86,574.41,50.2,45.2,1.445,-20.63,0.0,25.949,25.968,0.29,577.86,574.41,0.0,0,none,0,none,none,0.0,0,0,0,0,46.45,0.84731558,4.514,209.7,0.147,179.7,30.0,0.0,0.0,0.0,100.0,200.0,50.0,0,,,,,,
108.0,1,0.0681,0.0681,0.0015,0.0016,3.868,3.868,180.0,180.0,50.696,578.81,575.37,50.7,45.2,1.445,-20.62,0.0,25.949,25.968,0.29,578.81,575.37,0.0,0,none,0,none,none,0.0,0,0,0,0,46.45,0.84729051,4.514,209.7,0.147,179.7,30.0,0.0,0.0,0.0,100.0,200.0,50.0,0,,,,,,
109.0,1,0.068,0.068,0.0016,0.0016,3.868,3.868,180.0,180.0,51.196,579.76,576.34,51.2,45.2,1.446,-20.61,0.0,25.949,25.968,0.29,579.76,576.34,0.0,0,none,0,none,none,0.0,0,0,0,0,46.45,0.84726543,4.514,209.7,0.147,179.7,30.0,0.0,0.0,0.0,100.0,200.0,50.0,0,,,,,,
110.0,1,0.0679,0.0679,0.0015,0.0015,3.868,3.868,180.0,180.0,51.697,580.72,577.3,51.7,45.2,1.446,-20.6,0.0,25.949,25.968,0.29,580.72,577.3,0.0,0,none,0,none,none,0.0,0,0,0,0,46.45,0.84724035,4.514,209.7,0.147,179.7,30.0,0.0,0.0,0.0,100.0,200.0,50.0,0,,,,,,
111.0,1,0.0678,0.0679,0.0016,0.0015,3.868,3.868,180.0,180.0,52.197,581.67,578.26,52.2,45.2,1.447,-20.59,0.0,25.949,25.968,0.29,581.67,578.26,0.0,0,none,0,none,none,0.0,0,0,0,0,46.45,0.84721528,4.514,209.7,0.147,179.7,30.0,0.0,0.0,0.0,100.0,200.0,50.0,0,,,,,,
112.0,1,0.0677,0.0677,0.0015,0.0015,3.868,3.868,180.0,180.0,52.698,582.63,579.23,52.7,45.2,1.447,-20.59,0.0,25.949,25.968,0.29,582.63,579.23,0.0,0,none,0,none,none,0.0,0,0,0,0,46.45,0.8471902,4.514,209.7,0.147,179.7,30.0,0.0,0.0,0.0,100.0,200.0,50.0,0,,,,,,
113.0,1,0.0676,0.0677,0.0015,0.0016,3.868,3.868,180.0,180.0,53.198,583.59,580.19,53.2,45.2,1.447,-20.58,0.0,25.949,25.968,0.29,583.59,580.19,0.0,0,none,0,none,none,0.0,0,0,0,0,46.45,0.84716512,4.514,209.7,0.147,179.7,30.0,0.0,0.0,0.0,100.0,200.0,50.0,0,,,,,,
114.0,1,0.0676,0.0676,0.0017,0.0016,3.868,3.868,180.0,180.0,53.698,584.54,581.16,53.7,45.2,1.448,-20.57,0.0,25.949,25.968,0.29,584.54,581.16,0.0,0,none,0,none,none,0.0,0,0,0,0,46.45,0.84714005,4.514,209.7,0.147,179.7,30.0,0.0,0.0,0.0,100.0,200.0,50.0,0,,,,,,
115.0,1,0.0675,0.0675,0.0015,0.0015,3.868,3.868,180.0,180.0,54.199,585.5,582.12,54.2,45.2,1.448,-20.56,0.0,25.949,25.968,0.29,585.5,582.12,0.0,0,none,0,none,none,0.0,0,0,0,0,46.45,0.84711497,4.514,209.7,0.147,179.7,30.0,0.0,0.0,0.0,100.0,200.0,50.0,0,,,,,,
116.0,1,0.0675,0.0675,0.0015,0.0016,3.868,3.868,180.0,180.0,54.699,586.46,583.09,54.7,45.2,1.449,-20.56,0.0,25.949,25.968,0.29,586.46,583.09,0.0,0,none,0,none,none,0.0,0,0,0,0,46.45,0.84708989,4.514,209.7,0.148,179.7,30.0,0.0,0.0,0.0,100.0,200.0,50.0,0,,,,,,
117.0,1,0.0674,0.0674,0.0016,0.0015,3.868,3.868,180.0,180.0,55.199,587.41,584.05,55.2,45.2,1.449,-20.55,0.0,25.949,25.968,0.29,587.41,584.05,0.0,0,none,0,none,none,0.0,0,0,0,0,46.45,0.84706482,4.514,209.7,0.148,179.7,30.0,0.0,0.0,0.0,100.0,200.0,50.0,0,,,,,,
118.0,1,0.0673,0.0673,0.0015,0.0015,3.868,3.868,180.0,180.0,55.7,588.37,585.02,55.7,45.2,1.449,-20.55,0.0,25.949,25.968,0.29,588.37,585.02,0.0,0,none,0,none,none,0.0,0,0,0,0,46.45,0.84703974,4.514,209.7,0.148,179.7,30.0,0.0,0.0,0.0,100.0,200.0,50.0,0,,,,,,
119.0,1,0.0673,0.0672,0.0016,0.0016,3.868,3.868,180.0,180.0,56.2,589.33,585.98,56.2,45.2,1.449,-20.54,0.0,25.949,25.968,0.29,589.33,585.98,0.0,0,none,0,none,none,0.0,0,0,0,0,46.45,0.84701467,4.514,209.7,0.148,179.7,30.0,0.0,0.0,0.0,100.0,200.0,50.0,0,,,,,,
120.0,1,0.0672,0.0672,0.0015,0.0015,3.868,3.868,180.0,180.0,56.7,590.29,586.95,56.7,45.19,1.45,-20.54,0.0,25.949,25.968,0.29,590.29,586.95,0.0,0,none,0,none,none,0.0,0,0,0,0,46.45,0.84698959,4.514,209.7,0.148,179.7,30.0,0.0,0.0,0.0,100.0,200.0,50.0,0,,,,,,
121.0,1,0.0672,0.0671,0.0015,0.0015,3.868,3.868,180.0,180.0,57.2,591.24,587.92,57.2,45.19,1.45,-20.53,0.0,25.949,25.968,0.29,591.24,587.92,0.0,0,none,0,none,none,0.0,0,0,0,0,46.45,0.84696451,4.514,209.7,0.148,179.7,30.0,0.0,0.0,0.0,100.0,200.0,50.0,0,,,,,,
122.0,1,0.0671,0.0671,0.0016,0.0016,3.868,3.868,180.0,180.0,57.701,592.2,588.88,57.7,45.19,1.45,-20.53,0.0,25.949,25.968,0.29,592.2,588.88,0.0,0,none,0,none,none,0.0,0,0,0,0,46.45,0.84693944,4.514,209.6,0.148,179.6,30.0,0.0,0.0,0.0,100.0,200.0,50.0,0,,,,,,
123.0,1,0.0671,0.0671,0.0015,0.0016,3.868,3.868,180.0,180.0,58.201,593.16,589.85,58.2,45.19,1.45,-20.53,0.0,25.949,25.968,0.29,593.16,589.85,0.0,0,none,0,none,none,0.0,0,0,0,0,46.45,0.84691436,4.514,209.6,0.148,179.6,30.0,0.0,0.0,0.0,100.0,200.0,50.0,0,,,,,,
124.0,1,0.067,0.0671,0.0016,0.0015,3.868,3.868,180.0,180.0,58.701,594.12,590.82,58.7,45.2,1.451,-20.52,0.0,25.949,25.968,0.29,594.12,590.82,0.0,0,none,0,none,none,0.0,0,0,0,0,46.45,0.84688928,4.514,209.6,0.148,179.6,30.0,0.0,0.0,0.0,100.0,200.0,50.0,0,,,,,,
125.0,1,0.067,0.067,0.0016,0.0015,3.868,3.868,180.0,180.0,59.201,595.08,591.78,59.2,45.2,1.451,-20.52,0.0,25.949,25.968,0.29,595.08,591.78,0.0,0,none,0,none,none,0.0,0,0,0,0,46.45,0.84686421,4.514,209.6,0.148,179.6,30.0,0.0,0.0,0.0,100.0,200.0,50.0,0,,,,,,
126.0,1,0.0669,0.067,0.0016,0.0016,3.868,3.868,180.0,180.0,59.701,596.04,592.75,59.7,45.2,1.451,-20.52,0.0,25.949,25.968,0.29,596.04,592.75,0.0,0,none,0,none,none,0.0,0,0,0,0,46.45,0.84683913,4.514,209.6,0.148,179.6,30.0,0.0,0.0,0.0,100.0,200.0,50.0,0,,,,,,
127.0,1,0.0669,0.0669,0.0015,0.0015,3.868,3.868,180.0,180.0,60.201,597.0,593.72,60.2,45.2,1.451,-20.51,0.0,25.949,25.968,0.29,597.0,593.72,0.0,0,none,0,none,none,0.0,0,0,0,0,46.45,0.84681405,4.514,209.6,0.148,179.6,30.0,0.0,0.0,0.0,100.0,200.0,50.0,0,,,,,,
128.0,1,0.0669,0.0669,0.0015,0.0015,3.868,3.868,180.0,180.0,60.702,597.96,594.69,60.7,45.2,1.451,-20.51,0.0,25.949,25.968,0.29,597.96,594.69,0.0,0,none,0,none,none,0.0,0,0,0,0,46.45,0.84678898,4.514,209.6,0.148,179.6,30.0,0.0,0.0,0.0,100.0,200.0,50.0,0,,,,,,
129.0,1,0.0669,0.0669,0.0015,0.0016,3.868,3.868,180.0,180.0,61.202,598.92,595.65,61.2,45.2,1.451,-20.51,0.0,25.949,25.968,0.29,598.92,595.65,0.0,0,none,0,none,none,0.0,0,0,0,0,46.45,0.8467639,4.514,209.6,0.148,179.6,30.0,0.0,0.0,0.0,100.0,200.0,50.0,0,,,,,,
130.0,1,0.0668,0.0669,0.0015,0.0015,3.868,3.868,180.0,180.0,61.702,599.87,596.62,61.7,45.2,1.452,-20.51,0.0,25.949,25.968,0.29,599.87,596.62,0.0,0,none,0,none,none,0.0,0,0,0,0,46.45,0.84673882,4.514,209.6,0.148,179.6,30.0,0.0,0.0,0.0,100.0,200.0,50.0,0,,,,,,
131.0,1,0.0668,0.0668,0.0015,0.0016,3.868,3.868,180.0,180.0,62.202,600.83,597.59,62.2,45.2,1.452,-20.5,0.0,25.949,25.968,0.29,600.83,597.59,0.0,0,none,0,none,none,0.0,0,0,0,0,46.44,0.84671375,4.514,209.6,0.148,179.6,30.0,0.0,0.0,0.0,100.0,200.0,50.0,0,,,,,,
132.0,1,0.0668,0.0668,0.0017,0.0015,3.868,3.868,180.0,180.0,62.702,601.79,598.56,62.7,45.2,1.452,-20.5,0.0,25.949,25.968,0.29,601.79,598.56,0.0,0,none,0,none,none,0.0,0,0,0,0,46.44,0.84668867,4.514,209.6,0.148,179.6,30.0,0.0,0.0,0.0,100.0,200.0,50.0,0,,,,,,
133.0,1,0.0668,0.0668,0.0015,0.0015,3.868,3.868,180.0,180.0,63.202,602.75,599.53,63.2,45.2,1.452,-20.5,0.0,25.949,25.968,0.29,602.75,599.53,0.0,0,none,0,none,none,0.0,0,0,0,0,46.44,0.84666359,4.514,209.6,0.148,179.6,30.0,0.0,0.0,0.0,100.0,200.0,50.0,0,,,,,,
134.0,1,0.0667,0.0668,0.0015,0.0016,3.868,3.868,180.0,180.0,63.702,603.71,600.49,63.7,45.19,1.452,-20.5,0.0,25.949,25.968,0.29,603.71,600.49,0.0,0,none,0,none,none,0.0,0,0,0,0,46.44,0.84663852,4.514,209.6,0.148,179.6,30.0,0.0,0.0,0.0,100.0,200.0,50.0,0,,,,,,
135.0,1,0.0667,0.0668,0.0016,0.0016,3.868,3.868,180.0,180.0,64.202,604.67,601.46,64.2,45.19,1.452,-20.49,0.0,25.949,25.968,0.29,604.67,601.46,0.0,0,none,0,none,none,0.0,0,0,0,0,46.44,0.84661344,4.514,209.6,0.148,179.6,30.0,0.0,0.0,0.0,100.0,200.0,50.0,0,,,,,,
136.0,1,0.0667,0.0667,0.0015,0.0015,3.868,3.868,180.0,180.0,64.703,605.63,602.43,64.7,45.19,1.452,-20.49,0.0,25.949,25.968,0.29,605.63,602.43,0.0,0,none,0,none,none,0.0,0,0,0,0,46.44,0.84658836,4.514,209.6,0.148,179.6,30.0,0.0,0.0,0.0,100.0,200.0,50.0,0,,,,,,
137.0,1,0.0667,0.0667,0.0015,0.0016,3.868,3.868,180.0,180.0,65.203,606.59,603.4,65.2,45.19,1.452,-20.49,0.0,25.949,25.968,0.29,606.59,603.4,0.0,0,none,0,none,none,0.0,0,0,0,0,46.44,0.84656329,4.514,209.6,0.148,179.6,30.0,0.0,0.0,0.0,100.0,200.0,50.0,0,,,,,,
138.0,1,0.0667,0.0667,0.0016,0.0015,3.868,3.868,180.0,180.0,65.703,607.55,604.37,65.7,45.2,1.452,-20.49,0.0,25.949,25.968,0.29,607.55,604.37,0.0,0,none,0,none,none,0.0,0,0,0,0,46.44,0.84653821,4.514,209.6,0.148,179.6,30.0,0.0,0.0,0.0,100.0,200.0,50.0,0,,,,,,
139.0,1,0.0667,0.0667,0.0015,0.0015,3.868,3.868,180.0,180.0,66.203,608.51,605.34,66.2,45.2,1.453,-20.49,0.0,25.949,25.968,0.29,608.51,605.34,0.0,0,none,0,none,none,0.0,0,0,0,0,46.44,0.84651313,4.514,209.6,0.148,179.6,30.0,0.0,0.0,0.0,100.0,200.0,50.0,0,,,,,,
140.0,1,0.0667,0.0667,0.0015,0.0016,3.868,3.868,180.0,180.0,66.703,609.47,606.3,66.7,45.2,1.453,-20.49,0.0,25.949,25.968,0.29,609.47,606.3,0.0,0,none,0,none,none,0.0,0,0,0,0,46.44,0.84648806,4.514,209.6,0.148,179.6,30.0,0.0,0.0,0.0,100.0,200.0,50.0,0,,,,,,
141.0,1,0.0666,0.0667,0.0016,0.0015,3.868,3.868,180.0,180.0,67.203,610.43,607.27,67.2,45.2,1.453,-20.49,0.0,25.949,25.968,0.29,610.43,607.27,0.0,0,none,0,none,none,0.0,0,0,0,0,46.44,0.84646298,4.514,209.6,0.148,179.6,30.0,0.0,0.0,0.0,100.0,200.0,50.0,0,,,,,,
142.0,1,0.0666,0.0666,0.0015,0.0015,3.868,3.868,180.0,180.0,67.703,611.39,608.24,67.7,45.2,1.453,-20.48,0.0,25.949,25.968,0.29,611.39,608.24,0.0,0,none,0,none,none,0.0,0,0,0,0,46.44,0.8464379,4.514,209.6,0.148,179.6,30.0,0.0,0.0,0.0,100.0,200.0,50.0,0,,,,,,
143.0,1,0.0666,0.0667,0.0015,0.0015,3.868,3.868,180.0,180.0,68.203,612.36,609.21,68.2,45.2,1.453,-20.48,0.0,25.949,25.968,0.29,612.36,609.21,0.0,0,none,0,none,none,0.0,0,0,0,0,46.44,0.84641282,4.514,209.6,0.148,179.6,30.0,0.0,0.0,0.0,100.0,200.0,50.0,0,,,,,,
144.0,1,0.0666,0.0666,0.0016,0.0016,3.868,3.868,180.0,180.0,68.703,613.32,610.18,68.7,45.2,1.453,-20.48,0.0,25.949,25.968,0.29,613.32,610.18,0.0,0,none,0,none,none,0.0,0,0,0,0,46.44,0.84638775,4.514,209.6,0.148,179.6,30.0,0.0,0.0,0.0,100.0,200.0,50.0,0,,,,,,
145.0,1,0.0666,0.0666,0.0015,0.0015,3.868,3.868,180.0,180.0,69.203,614.28,611.15,69.2,45.19,1.453,-20.48,0.0,25.949,25.968,0.29,614.28,611.15,0.0,0,none,0,none,none,0.0,0,0,0,0,46.44,0.84636267,4.514,209.6,0.148,179.6,30.0,0.0,0.0,0.0,100.0,200.0,50.0,0,,,,,,
146.0,1,0.0666,0.0666,0.0016,0.0016,3.868,3.868,180.0,180.0,69.703,615.24,612.12,69.7,45.2,1.453,-20.48,0.0,25.949,25.968,0.29,615.24,612.12,0.0,0,none,0,none,none,0.0,0,0,0,0,46.44,0.84633759,4.514,209.6,0.148,179.6,30.0,0.0,0.0,0.0,100.0,200.0,50.0,0,,,,,,
147.0,1,0.0666,0.0666,0.0016,0.0015,3.868,3.868,180.0,180.0,70.203,616.2,613.09,70.2,45.19,1.453,-20.48,0.0,25.949,25.968,0.29,616.2,613.09,0.0,0,none,0,none,none,0.0,0,0,0,0,46.44,0.84631252,4.514,209.6,0.148,179.6,30.0,0.0,0.0,0.0,100.0,200.0,50.0,0,,,,,,
148.0,1,0.0666,0.0666,0.0015,0.0016,3.868,3.868,180.0,180.0,70.703,617.16,614.05,70.7,45.19,1.453,-20.48,0.0,25.949,25.968,0.29,617.16,614.05,0.0,0,none,0,none,none,0.0,0,0,0,0,46.44,0.84628744,4.514,209.6,0.148,179.6,30.0,0.0,0.0,0.0,100.0,200.0,50.0,0,,,,,,
149.0,1,0.0666,0.0666,0.0015,0.0016,3.868,3.868,180.0,180.0,71.203,618.12,615.02,71.2,45.19,1.453,-20.48,0.0,25.949,25.968,0.29,618.12,615.02,0.0,0,none,0,none,none,0.0,0,0,0,0,46.44,0.84626236,4.514,209.6,0.148,179.6,30.0,0.0,0.0,0.0,100.0,200.0,50.0,0,,,,,,
150.0,1,0.0665,0.0666,0.0015,0.0016,3.868,3.868,180.0,180.0,71.703,619.08,615.99,71.7,45.19,1.453,-20.48,0.0,25.949,25.968,0.29,619.08,615.99,0.0,0,none,0,none,none,0.0,0,0,0,0,46.44,0.84623729,4.514,209.6,0.148,179.6,30.0,0.0,0.0,0.0,100.0,200.0,50.0,0,,,,,,
151.0,1,0.0666,0.0665,0.0015,0.0016,3.868,3.868,180.0,180.0,72.203,620.04,616.96,72.2,45.19,1.453,-20.48,0.0,25.949,25.968,0.29,620.04,616.96,0.0,0,none,0,none,none,0.0,0,0,0,0,46.44,0.84621221,4.514,209.6,0.148,179.6,30.0,0.0,0.0,0.0,100.0,200.0,50.0,0,,,,,,
152.0,1,0.0666,0.0666,0.0016,0.0015,3.868,3.868,180.0,180.0,72.703,621.0,617.93,72.7,45.19,1.453,-20.48,0.0,25.949,25.968,0.29,621.0,617.93,0.0,0,none,0,none,none,0.0,0,0,0,0,46.44,0.84618713,4.514,209.6,0.148,179.6,30.0,0.0,0.0,0.0,100.0,200.0,50.0,0,,,,,,
153.0,1,0.0665,0.0665,0.0015,0.0016,3.868,3.868,180.0,180.0,73.203,621.96,618.9,73.2,45.19,1.453,-20.48,0.0,25.949,25.968,0.29,621.96,618.9,0.0,0,none,0,none,none,0.0,0,0,0,0,46.44,0.84616206,4.514,209.6,0.148,179.6,30.0,0.0,0.0,0.0,100.0,200.0,50.0,0,,,,,,
154.0,1,0.0666,0.0665,0.0015,0.0015,3.868,3.868,180.0,180.0,73.703,622.92,619.87,73.7,45.2,1.453,-20.48,0.0,25.949,25.968,0.29,622.92,619.87,0.0,0,none,0,none,none,0.0,0,0,0,0,46.44,0.84613698,4.514,209.6,0.148,179.6,30.0,0.0,0.0,0.0,100.0,200.0,50.0,0,,,,,,
155.0,1,0.0665,0.0665,0.0015,0.0016,3.868,3.868,180.0,180.0,74.204,623.88,620.84,74.2,45.2,1.453,-20.48,0.0,25.949,25.968,0.29,623.88,620.84,0.0,0,none,0,none,none,0.0,0,0,0,0,46.44,0.8461119,4.514,209.6,0.148,179.6,30.0,0.0,0.0,0.0,100.0,200.0,50.0,0,,,,,,
156.0,1,0.0665,0.0665,0.0015,0.0015,3.868,3.868,180.0,180.0,74.704,624.84,621.81,74.7,45.2,1.453,-20.47,0.0,25.949,25.968,0.29,624.84,621.81,0.0,0,none,0,none,none,0.0,0,0,0,0,46.44,0.84608682,4.514,209.6,0.148,179.6,30.0,0.0,0.0,0.0,100.0,200.0,50.0,0,,,,,,
157.0,1,0.0665,0.0665,0.0015,0.0015,3.868,3.868,180.0,180.0,75.204,625.8,622.78,75.2,45.2,1.453,-20.47,0.0,25.949,25.968,0.29,625.8,622.78,0.0,0,none,0,none,none,0.0,0,0,0,0,46.44,0.84606175,4.514,209.6,0.148,179.6,30.0,0.0,0.0,0.0,100.0,200.0,50.0,0,,,,,,
158.0,1,0.0665,0.0665,0.0015,0.0016,3.868,3.868,180.0,180.0,75.704,626.77,623.74,75.7,45.2,1.453,-20.47,0.0,25.949,25.968,0.29,626.77,623.74,0.0,0,none,0,none,none,0.0,0,0,0,0,46.44,0.84603667,4.514,209.6,0.148,179.6,30.0,0.0,0.0,0.0,100.0,200.0,50.0,0,,,,,,
159.0,1,0.0665,0.0665,0.0015,0.0016,3.868,3.868,180.0,180.0,76.204,627.73,624.71,76.2,45.19,1.453,-20.47,0.0,25.949,25.968,0.29,627.73,624.71,0.0,0,none,0,none,none,0.0,0,0,0,0,46.44,0.84601159,4.514,209.6,0.148,179.6,30.0,0.0,0.0,0.0,100.0,200.0,50.0,0,,,,,,
160.0,1,0.0665,0.0665,0.0015,0.0016,3.868,3.868,180.0,180.0,76.704,628.69,625.68,76.7,45.19,1.453,-20.47,0.0,25.949,25.968,0.29,628.69,625.68,0.0,0,none,0,none,none,0.0,0,0,0,0,46.44,0.84598652,4.514,209.6,0.148,179.6,30.0,0.0,0.0,0.0,100.0,200.0,50.0,0,,,,,,
161.0,1,0.0665,0.0665,0.0016,0.0016,3.868,3.868,180.0,180.0,77.204,629.65,626.65,77.2,45.19,1.453,-20.47,0.0,25.949,25.968,0.29,629.65,626.65,0.0,0,none,0,none,none,0.0,0,0,0,0,46.44,0.84596144,4.514,209.6,0.148,179.6,30.0,0.0,0.0,0.0,100.0,200.0,50.0,0,,,,,,
162.0,1,0.0665,0.0665,0.0015,0.0015,3.868,3.868,180.0,180.0,77.704,630.61,627.62,77.7,45.19,1.454,-20.47,0.0,25.949,25.968,0.29,630.61,627.62,0.0,0,none,0,none,none,0.0,0,0,0,0,46.44,0.84593636,4.514,209.6,0.148,179.6,30.0,0.0,0.0,0.0,100.0,200.0,50.0,0,,,,,,
163.0,1,0.0665,0.0665,0.0016,0.0015,3.868,3.868,180.0,180.0,78.204,631.57,628.59,78.2,45.19,1.454,-20.47,0.0,25.949,25.968,0.29,631.57,628.59,0.0,0,none,0,none,none,0.0,0,0,0,0,46.44,0.84591129,4.514,209.6,0.148,179.6,30.0,0.0,0.0,0.0,100.0,200.0,50.0,0,,,,,,
164.0,1,0.0665,0.0665,0.0014,0.0015,3.868,3.868,180.0,180.0,78.704,632.53,629.56,78.7,45.19,1.454,-20.47,0.0,25.949,25.968,0.29,632.53,629.56,0.0,0,none,0,none,none,0.0,0,0,0,0,46.44,0.84588621,4.514,209.6,0.148,179.6,30.0,0.0,0.0,0.0,100.0,200.0,50.0,0,,,,,,
165.0,1,0.0665,0.0665,0.0016,0.0016,3.868,3.868,180.0,180.0,79.204,633.49,630.53,79.2,45.2,1.454,-20.47,0.0,25.949,25.968,0.29,633.49,630.53,0.0,0,none,0,none,none,0.0,0,0,0,0,46.44,0.84586113,4.514,209.6,0.148,179.6,30.0,0.0,0.0,0.0,100.0,200.0,50.0,0,,,,,,
166.0,1,0.0665,0.0665,0.0015,0.0015,3.868,3.868,180.0,180.0,79.704,634.45,631.5,79.7,45.19,1.454,-20.47,0.0,25.949,25.968,0.29,634.45,631.5,0.0,0,none,0,none,none,0.0,0,0,0,0,46.44,0.84583605,4.514,209.6,0.148,179.6,30.0,0.0,0.0,0.0,100.0,200.0,50.0,0,,,,,,
167.0,1,0.0665,0.0665,0.0015,0.0015,3.868,3.868,180.0,180.0,80.204,635.41,632.47,80.2,45.19,1.454,-20.47,0.0,25.949,25.968,0.29,635.41,632.47,0.0,0,none,0,none,none,0.0,0,0,0,0,46.44,0.84581098,4.514,209.6,0.148,179.6,30.0,0.0,0.0,0.0,100.0,200.0,50.0,0,,,,,,
168.0,1,0.0665,0.0665,0.0015,0.0016,3.868,3.868,180.0,180.0,80.704,636.37,633.44,80.7,45.19,1.454,-20.47,0.0,25.949,25.968,0.29,636.37,633.44,0.0,0,none,0,none,none,0.0,0,0,0,0,46.44,0.8457859,4.514,209.6,0.148,179.6,30.0,0.0,0.0,0.0,100.0,200.0,50.0,0,,,,,,
169.0,1,0.0665,0.0665,0.0015,0.0015,3.868,3.868,180.0,180.0,81.204,637.34,634.41,81.2,45.19,1.454,-20.47,0.0,25.949,25.968,0.29,637.34,634.41,0.0,0,none,0,none,none,0.0,0,0,0,0,46.44,0.84576082,4.514,209.6,0.148,179.6,30.0,0.0,0.0,0.0,100.0,200.0,50.0,0,,,,,,
170.0,1,0.0665,0.0665,0.0016,0.0015,3.868,3.868,180.0,180.0,81.704,638.3,635.38,81.7,45.19,1.454,-20.47,0.0,25.949,25.968,0.29,638.3,635.38,0.0,0,none,0,none,none,0.0,0,0,0,0,46.44,0.84573575,4.514,209.6,0.148,179.6,30.0,0.0,0.0,0.0,100.0,200.0,50.0,0,,,,,,
171.0,1,0.0665,0.0665,0.0015,0.0015,3.868,3.868,180.0,180.0,82.204,639.26,636.34,82.2,45.19,1.454,-20.47,0.0,25.949,25.968,0.29,639.26,636.34,0.0,0,none,0,none,none,0.0,0,0,0,0,46.44,0.84571067,4.514,209.6,0.148,179.6,30.0,0.0,0.0,0.0,100.0,200.0,50.0,0,,,,,,
172.0,1,0.0665,0.0665,0.0015,0.0016,3.868,3.868,180.0,180.0,82.704,640.22,637.31,82.7,45.19,1.454,-20.47,0.0,25.949,25.968,0.29,640.22,637.31,0.0,0,none,0,none,none,0.0,0,0,0,0,46.44,0.84568559,4.514,209.6,0.148,179.6,30.0,0.0,0.0,0.0,100.0,200.0,50.0,0,,,,,,
173.0,1,0.0665,0.0665,0.0016,0.0015,3.868,3.868,180.0,180.0,83.204,641.18,638.28,83.2,45.19,1.454,-20.47,0.0,25.949,25.968,0.29,641.18,638.28,0.0,0,none,0,none,none,0.0,0,0,0,0,46.44,0.84566051,4.514,209.6,0.148,179.6,30.0,0.0,0.0,0.0,100.0,200.0,50.0,0,,,,,,
174.0,1,0.0665,0.0665,0.0016,0.0016,3.868,3.868,180.0,180.0,83.704,642.14,639.25,83.7,45.2,1.454,-20.47,0.0,25.949,25.968,0.29,642.14,639.25,0.0,0,none,0,none,none,0.0,0,0,0,0,46.44,0.84563544,4.514,209.6,0.148,179.6,30.0,0.0,0.0,0.0,100.0,200.0,50.0,0,,,,,,
175.0,1,0.0665,0.0664,0.0015,0.0016,3.868,3.868,180.0,180.0,84.204,643.1,640.22,84.2,45.2,1.454,-20.47,0.0,25.949,25.968,0.29,643.1,640.22,0.0,0,none,0,none,none,0.0,0,0,0,0,46.44,0.84561036,4.514,209.6,0.148,179.6,30.0,0.0,0.0,0.0,100.0,200.0,50.0,0,,,,,,
176.0,1,0.0665,0.0665,0.0016,0.0016,3.868,3.868,180.0,180.0,84.704,644.06,641.19,84.7,45.2,1.454,-20.47,0.0,25.949,25.968,0.29,644.06,641.19,0.0,0,none,0,none,none,0.0,0,0,0,0,46.44,0.84558528,4.514,209.6,0.148,179.6,30.0,0.0,0.0,0.0,100.0,200.0,50.0,0,,,,,,
177.0,1,0.0665,0.0665,0.0016,0.0015,3.868,3.868,180.0,180.0,85.204,645.02,642.16,85.2,45.2,1.454,-20.47,0.0,25.949,25.968,0.29,645.02,642.16,0.0,0,none,0,none,none,0.0,0,0,0,0,46.44,0.8455602,4.514,209.6,0.148,179.6,30.0,0.0,0.0,0.0,100.0,200.0,50.0,0,,,,,,
178.0,1,0.0664,0.0664,0.0015,0.0015,3.868,3.868,180.0,180.0,85.704,645.98,643.13,85.7,45.2,1.454,-20.47,0.0,25.949,25.968,0.29,645.98,643.13,0.0,0,none,0,none,none,0.0,0,0,0,0,46.44,0.84553513,4.514,209.6,0.148,179.6,30.0,0.0,0.0,0.0,100.0,200.0,50.0,0,,,,,,
179.0,1,0.0664,0.0665,0.0015,0.0015,3.868,3.868,180.0,180.0,86.204,646.95,644.1,86.2,45.2,1.454,-20.47,0.0,25.949,25.968,0.29,646.95,644.1,0.0,0,none,0,none,none,0.0,0,0,0,0,46.44,0.84551005,4.514,209.6,0.148,179.6,30.0,0.0,0.0,0.0,100.0,200.0,50.0,0,,,,,,
180.0,1,0.0665,0.0665,0.0015,0.0015,3.868,3.868,180.0,180.0,86.704,647.91,645.07,86.7,45.19,1.454,-20.47,0.0,25.949,25.968,0.29,647.91,645.07,0.0,0,none,0,none,none,0.0,0,0,0,0,46.44,0.84548497,4.514,209.6,0.148,179.6,30.0,0.0,0.0,0.0,100.0,200.0,50.0,0,,,,,,
181.0,1,0.0665,0.0664,0.0016,0.0015,3.868,3.868,180.0,180.0,87.204,648.87,646.04,87.2,45.19,1.454,-20.47,0.0,25.949,25.968,0.29,648.87,646.04,0.0,0,none,0,none,none,0.0,0,0,0,0,46.44,0.8454599,4.514,209.6,0.148,179.6,30.0,0.0,0.0,0.0,100.0,200.0,50.0,0,,,,,,
182.0,1,0.0665,0.0665,0.0015,0.0015,3.868,3.868,180.0,180.0,87.704,649.83,647.01,87.7,45.19,1.454,-20.47,0.0,25.949,25.968,0.29,649.83,647.01,0.0,0,none,0,none,none,0.0,0,0,0,0,46.44,0.84543482,4.514,209.6,0.148,179.6,30.0,0.0,0.0,0.0,100.0,200.0,50.0,0,,,,,,
183.0,1,0.0665,0.0665,0.0015,0.0015,3.868,3.868,180.0,180.0,88.204,650.79,647.98,88.2,45.19,1.454,-20.47,0.0,25.949,25.968,0.29,650.79,647.98,0.0,0,none,0,none,none,0.0,0,0,0,0,46.44,0.84540974,4.514,209.6,0.148,179.6,30.0,0.0,0.0,0.0,100.0,200.0,50.0,0,,,,,,
184.0,1,0.0664,0.0664,0.0015,0.0016,3.868,3.868,180.0,180.0,88.704,651.75,648.95,88.7,45.19,1.454,-20.47,0.0,25.949,25.968,0.29,651.75,648.95,0.0,0,none,0,none,none,0.0,0,0,0,0,46.44,0.84538466,4.514,209.6,0.148,179.6,30.0,0.0,0.0,0.0,100.0,200.0,50.0,0,,,,,,
185.0,1,0.0665,0.0665,0.0015,0.0015,3.868,3.868,180.0,180.0,89.204,652.71,649.92,89.2,45.19,1.454,-20.47,0.0,25.949,25.968,0.29,652.71,649.92,0.0,0,none,0,none,none,0.0,0,0,0,0,46.44,0.84535959,4.514,209.6,0.148,179.6,30.0,0.0,0.0,0.0,100.0,200.0,50.0,0,,,,,,
186.0,1,0.0664,0.0665,0.0015,0.0016,3.868,3.868,180.0,180.0,89.704,653.67,650.88,89.7,45.19,1.454,-20.47,0.0,25.949,25.968,0.29,653.67,650.88,0.0,0,none,0,none,none,0.0,0,0,0,0,46.44,0.84533451,4.514,209.6,0.148,179.6,30.0,0.0,0.0,0.0,100.0,200.0,50.0,0,,,,,,
187.0,1,0.0665,0.0664,0.0016,0.0015,3.868,3.868,180.0,180.0,90.204,654.63,651.85,90.2,45.19,1.454,-20.47,0.0,25.949,25.968,0.29,654.63,651.85,0.0,0,none,0,none,none,0.0,0,0,0,0,46.43,0.84530943,4.514,209.6,0.148,179.6,30.0,0.0,0.0,0.0,100.0,200.0,50.0,0,,,,,,
188.0,1,0.0664,0.0665,0.0015,0.0016,3.868,3.868,180.0,180.0,90.704,655.6,652.82,90.7,45.19,1.454,-20.47,0.0,25.949,25.968,0.29,655.6,652.82,0.0,0,none,0,none,none,0.0,0,0,0,0,46.43,0.84528435,4.514,209.6,0.148,179.6,30.0,0.0,0.0,0.0,100.0,200.0,50.0,0,,,,,,
189.0,1,0.0664,0.0665,0.0015,0.0015,3.868,3.868,180.0,180.0,91.204,656.56,653.79,91.2,45.19,1.454,-20.47,0.0,25.949,25.968,0.29,656.56,653.79,0.0,0,none,0,none,none,0.0,0,0,0,0,46.43,0.84525928,4.514,209.6,0.148,179.6,30.0,0.0,0.0,0.0,100.0,200.0,50.0,0,,,,,,
190.0,1,0.0664,0.0664,0.0015,0.0015,3.868,3.868,180.0,180.0,91.704,657.52,654.76,91.7,45.2,1.454,-20.47,0.0,25.949,25.968,0.29,657.52,654.76,0.0,0,none,0,none,none,0.0,0,0,0,0,46.43,0.8452342,4.514,209.6,0.148,179.6,30.0,0.0,0.0,0.0,100.0,200.0,50.0,0,,,,,,
191.0,1,0.0664,0.0664,0.0015,0.0015,3.868,3.868,180.0,180.0,92.204,658.48,655.73,92.2,45.19,1.454,-20.47,0.0,25.949,25.968,0.29,658.48,655.73,0.0,0,none,0,none,none,0.0,0,0,0,0,46.43,0.84520912,4.514,209.6,0.148,179.6,30.0,0.0,0.0,0.0,100.0,200.0,50.0,0,,,,,,
192.0,1,0.0665,0.0665,0.0016,0.0015,3.868,3.868,180.0,180.0,92.704,659.44,656.7,92.7,45.2,1.454,-20.47,0.0,25.949,25.968,0.29,659.44,656.7,0.0,0,none,0,none,none,0.0,0,0,0,0,46.43,0.84518404,4.514,209.6,0.148,179.6,30.0,0.0,0.0,0.0,100.0,200.0,50.0,0,,,,,,
193.0,1,0.0664,0.0664,0.0015,0.0015,3.868,3.868,180.0,180.0,93.204,660.4,657.67,93.2,45.19,1.454,-20.47,0.0,25.949,25.968,0.29,660.4,657.67,0.0,0,none,0,none,none,0.0,0,0,0,0,46.43,0.84515897,4.514,209.6,0.148,179.6,30.0,0.0,0.0,0.0,100.0,200.0,50.0,0,,,,,,
194.0,1,0.0665,0.0665,0.0016,0.0015,3.868,3.868,180.0,180.0,93.704,661.36,658.64,93.7,45.19,1.454,-20.47,0.0,25.949,25.968,0.29,661.36,658.64,0.0,0,none,0,none,none,0.0,0,0,0,0,46.43,0.84513389,4.514,209.6,0.148,179.6,30.0,0.0,0.0,0.0,100.0,200.0,50.0,0,,,,,,
195.0,1,0.0664,0.0664,0.0015,0.0015,3.868,3.868,180.0,180.0,94.204,662.32,659.61,94.2,45.19,1.454,-20.47,0.0,25.949,25.968,0.29,662.32,659.61,0.0,0,none,0,none,none,0.0,0,0,0,0,46.43,0.84510881,4.514,209.6,0.148,179.6,30.0,0.0,0.0,0.0,100.0,200.0,50.0,0,,,,,,
196.0,1,0.0664,0.0665,0.0015,0.0016,3.868,3.868,180.0,180.0,94.704,663.28,660.58,94.7,45.19,1.454,-20.47,0.0,25.949,25.968,0.29,663.28,660.58,0.0,0,none,0,none,none,0.0,0,0,0,0,46.43,0.84508373,4.514,209.6,0.148,179.6,30.0,0.0,0.0,0.0,100.0,200.0,50.0,0,,,,,,
197.0,1,0.0665,0.0664,0.0015,0.0015,3.868,3.868,180.0,180.0,95.204,664.25,661.55,95.2,45.19,1.454,-20.47,0.0,25.949,25.968,0.29,664.25,661.55,0.0,0,none,0,none,none,0.0,0,0,0,0,46.43,0.84505866,4.514,209.6,0.148,179.6,30.0,0.0,0.0,0.0,100.0,200.0,50.0,0,,,,,,
198.0,1,0.0665,0.0664,0.0015,0.0016,3.868,3.868,180.0,180.0,95.704,665.21,662.52,95.7,45.19,1.454,-20.47,0.0,25.949,25.968,0.29,665.21,662.52,0.0,0,none,0,none,none,0.0,0,0,0,0,46.43,0.84503358,4.514,209.6,0.148,179.6,30.0,0.0,0.0,0.0,100.0,200.0,50.0,0,,,,,,
199.0,1,0.0665,0.0665,0.0015,0.0016,3.868,3.868,180.0,180.0,96.204,666.17,663.49,96.2,45.19,1.454,-20.47,0.0,25.949,25.968,0.29,666.17,663.49,0.0,0,none,0,none,none,0.0,0,0,0,0,46.43,0.8450085,4.514,209.6,0.148,179.6,30.0,0.0,0.0,0.0,100.0,200.0,50.0,0,,,,,,
200.0,1,0.0665,0.0664,0.0016,0.0015,3.868,3.868,180.0,180.0,96.704,667.13,664.46,96.7,45.19,1.454,-20.47,0.0,25.949,25.968,0.29,667.13,664.46,0.0,0,none,0,none,none,0.0,0,0,0,0,46.43,0.84498342,4.514,209.6,0.148,179.6,30.0,0.0,0.0,0.0,100.0,200.0,50.0,0,,,,,,
201.0,1,0.0665,0.0664,0.0015,0.0015,3.868,3.868,180.0,180.0,97.204,668.09,665.43,97.2,45.19,1.454,-20.47,0.0,25.949,25.968,0.29,668.09,665.43,0.0,0,none,0,none,none,0.0,0,0,0,0,46.43,0.84495834,4.514,209.6,0.148,179.6,30.0,0.0,0.0,0.0,100.0,200.0,50.0,0,,,,,,
202.0,1,0.0665,0.0664,0.0015,0.0016,3.868,3.868,180.0,180.0,97.704,669.05,666.4,97.7,45.2,1.454,-20.47,0.0,25.949,25.968,0.29,669.05,666.4,0.0,0,none,0,none,none,0.0,0,0,0,0,46.43,0.84493327,4.514,209.6,0.148,179.6,30.0,0.0,0.0,0.0,100.0,200.0,50.0,0,,,,,,
203.0,1,0.0664,0.0664,0.0015,0.0015,3.868,3.868,180.0,180.0,98.204,670.01,667.36,98.2,45.19,1.454,-20.47,0.0,25.949,25.968,0.29,670.01,667.36,0.0,0,none,0,none,none,0.0,0,0,0,0,46.43,0.84490819,4.514,209.6,0.148,179.6,30.0,0.0,0.0,0.0,100.0,200.0,50.0,0,,,,,,
204.0,1,0.0665,0.0664,0.0016,0.0015,3.868,3.868,180.0,180.0,98.704,670.97,668.33,98.7,45.2,1.454,-20.47,0.0,25.949,25.968,0.29,670.97,668.33,0.0,0,none,0,none,none,0.0,0,0,0,0,46.43,0.84488311,4.514,209.6,0.148,179.6,30.0,0.0,0.0,0.0,100.0,200.0,50.0,0,,,,,,
205.0,1,0.0665,0.0664,0.0015,0.0016,3.868,3.868,180.0,180.0,99.204,671.93,669.3,99.2,45.2,1.454,-20.47,0.0,25.949,25.968,0.29,671.93,669.3,0.0,0,none,0,none,none,0.0,0,0,0,0,46.43,0.84485803,4.514,209.6,0.148,179.6,30.0,0.0,0.0,0.0,100.0,200.0,50.0,0,,,,,,
206.0,1,0.0664,0.0664,0.0016,0.0015,3.868,3.868,180.0,180.0,99.704,672.9,670.27,99.7,45.2,1.454,-20.47,0.0,25.949,25.968,0.29,672.9,670.27,0.0,0,none,0,none,none,0.0,0,0,0,0,46.43,0.84483296,4.514,209.6,0.148,179.6,30.0,0.0,0.0,0.0,100.0,200.0,50.0,0,,,,,,
207.0,1,0.0665,0.0664,0.0015,0.0016,3.868,3.868,180.0,180.0,100.204,673.86,671.24,100.2,45.19,1.454,-20.47,0.0,25.949,25.968,0.29,673.86,671.24,0.0,0,none,0,none,none,0.0,0,0,0,0,46.43,0.84480788,4.514,209.6,0.148,179.6,30.0,0.0,0.0,0.0,100.0,200.0,50.0,0,,,,,,
208.0,1,0.0664,0.0665,0.0015,0.0015,3.868,3.868,180.0,180.0,100.704,674.82,672.21,100.7,45.19,1.454,-20.47,0.0,25.949,25.968,0.29,674.82,672.21,0.0,0,none,0,none,none,0.0,0,0,0,0,46.43,0.8447828,4.514,209.6,0.148,179.6,30.0,0.0,0.0,0.0,100.0,200.0,50.0,0,,,,,,
209.0,1,0.0665,0.0664,0.0015,0.0015,3.868,3.868,180.0,180.0,101.204,675.78,673.18,101.2,45.19,1.454,-20.47,0.0,25.949,25.968,0.29,675.78,673.18,0.0,0,none,0,none,none,0.0,0,0,0,0,46.43,0.84475772,4.514,209.6,0.148,179.6,30.0,0.0,0.0,0.0,100.0,200.0,50.0,0,,,,,,
210.0,1,0.0664,0.0664,0.0015,0.0016,3.868,3.868,180.0,180.0,101.704,676.74,674.15,101.7,45.2,1.454,-20.47,0.0,25.949,25.968,0.29,676.74,674.15,0.0,1,rudder_stuck,0,none,none,0.0,0,0,0,0,46.43,0.84473265,4.514,209.6,0.148,179.6,30.0,0.0,0.0,0.0,100.0,200.0,50.0,0,,,,,,
211.0,2,0.054,0.0188,-0.5236,0.35,3.868,3.868,180.0,180.0,102.196,677.72,675.08,102.2,32.25,1.398,-19.58,0.0,25.949,25.968,-1.06,677.72,675.08,0.0,1,rudder_stuck,0,none,none,0.0,0,0,0,0,46.43,0.84470631,4.514,209.6,0.143,179.6,30.0,0.0,0.0,0.0,100.0,200.0,50.0,0,,,,,,
212.0,2,0.1295,0.1343,-0.5236,0.35,3.868,3.868,180.0,180.0,102.622,678.84,675.69,102.62,9.66,1.294,-18.86,0.0,25.949,25.968,-11.6,678.84,675.69,0.0,1,rudder_stuck,0,none,none,0.0,0,0,0,0,46.43,0.84468123,4.514,209.6,0.133,179.6,30.0,0.0,0.0,0.0,100.0,200.0,50.0,0,,,,,,
213.0,2,0.0639,0.0665,-0.5236,0.35,3.868,3.868,180.0,180.0,103.038,680.01,675.81,103.04,-14.02,1.197,-22.15,0.0,25.949,25.968,-4.26,680.01,675.81,0.0,1,rudder_stuck,0,none,none,0.0,0,0,0,0,46.43,0.84465615,4.514,209.6,0.124,179.6,30.0,0.0,0.0,0.0,100.0,200.0,50.0,0,,,,,,
214.0,2,0.1572,0.1235,-0.5236,0.35,3.868,3.868,180.0,180.0,103.461,681.04,675.49,103.46,-36.68,1.113,-21.63,0.0,25.949,25.968,-7.53,681.04,675.49,0.0,1,rudder_stuck,0,none,none,0.0,0,0,0,0,46.43,0.84463107,4.514,209.6,0.116,179.6,30.0,0.0,0.0,0.0,100.0,200.0,50.0,0,,,,,,
215.0,2,0.1562,0.1627,-0.5236,0.35,3.868,3.868,180.0,180.0,103.855,681.83,674.86,103.85,-57.87,1.05,-22.57,0.0,25.949,25.968,-4.83,681.83,674.86,0.0,1,rudder_stuck,0,none,none,0.0,0,0,0,0,46.43,0.844606,4.514,209.6,0.11,179.6,30.0,750.61,-1.5175,-0.0702,100.0,200.0,50.0,0,,,,,,
216.0,2,0.2026,0.176,-0.5236,0.35,3.868,3.868,180.0,180.0,104.24,682.31,674.04,104.24,-78.0,0.993,-23.29,0.0,25.949,25.968,-4.62,682.31,674.04,0.0,1,rudder_stuck,0,none,none,0.0,0,0,0,0,46.43,0.84458092,4.514,209.6,0.104,179.6,30.0,753.66,-1.1806,-0.0805,100.0,200.0,50.0,0,,,,,,
217.0,2,0.2417,0.2329,-0.5236,0.35,3.868,3.868,180.0,180.0,104.614,682.48,673.15,104.61,-97.09,0.946,-24.26,0.0,25.949,25.968,-4.79,682.48,673.15,0.0,1,rudder_stuck,0,none,none,0.0,0,0,0,0,46.43,0.84455584,4.514,209.6,0.1,179.6,30.0,745.34,-0.8277,-0.0746,100.0,200.0,50.0,0,,,,,,
218.0,2,0.2706,0.2539,-0.5236,0.35,3.868,3.868,180.0,180.0,104.988,682.36,672.31,104.99,-115.51,0.904,-25.65,0.0,25.949,25.968,-3.28,682.36,672.31,0.0,1,rudder_stuck,0,none,none,0.0,0,0,0,0,46.43,0.84453076,4.514,209.6,0.096,179.6,30.0,744.09,-0.5061,-0.0666,100.0,200.0,50.0,0,,,,,,
219.0,2,0.321,0.3031,-0.5236,0.35,3.868,3.868,180.0,180.0,105.362,682.0,671.59,105.36,-133.24,0.867,-26.71,0.0,25.949,25.968,-4.2,682.0,671.59,0.0,1,rudder_stuck,0,none,none,0.0,0,0,0,0,46.43,0.84450569,4.514,209.6,0.093,179.6,30.0,743.3,-0.1805,-0.0737,100.0,200.0,50.0,0,,,,,,
220.0,2,0.3004,0.3067,0.5236,0.35,3.868,3.868,180.0,180.0,105.736,681.48,671.03,105.74,-150.45,0.835,-27.84,0.0,25.949,25.968,-2.89,681.48,671.03,0.0,1,rudder_stuck,0,none,none,0.0,0,0,0,0,46.43,0.84448061,4.514,209.6,0.09,179.6,30.0,753.46,0.1029,-0.0837,100.0,200.0,50.0,0,,,,,,
221.0,2,0.3189,0.3093,0.5236,0.35,3.868,3.868,180.0,180.0,106.107,680.84,670.66,106.11,-167.09,0.808,-27.8,0.0,25.949,25.968,-3.38,680.84,670.66,0.0,1,rudder_stuck,0,none,none,0.0,0,4,0,0,46.43,0.84445553,4.514,209.6,0.087,179.6,30.0,755.55,0.4006,-0.0735,100.0,200.0,50.0,0,,,,,,
222.0,2,0.3295,0.3274,0.5236,0.35,3.868,3.868,180.0,180.0,106.464,680.14,670.49,106.46,-183.09,0.788,-27.23,0.0,25.949,25.968,-2.85,680.14,670.49,0.0,1,rudder_stuck,0,none,none,0.0,0,9,0,0,46.43,0.84443045,4.514,209.6,0.086,179.6,30.0,754.33,0.6707,-0.0697,100.0,200.0,50.0,0,,,,,,
223.0,2,0.3369,0.3331,0.5236,0.35,3.868,3.868,180.0,180.0,106.806,679.43,670.52,106.81,-198.55,0.77,-26.69,0.0,25.949,25.968,-2.71,679.43,670.52,0.0,1,rudder_stuck,0,none,none,0.0,0,14,0,0,46.43,0.84440537,4.514,209.6,0.084,179.6,30.0,759.53,0.9622,-0.0854,100.0,200.0,50.0,0,,,,,,
224.0,2,0.3433,0.3418,0.5236,0.35,3.868,3.868,180.0,180.0,107.134,678.77,670.74,107.13,-213.55,0.755,-26.24,0.0,25.949,25.968,-2.72,678.77,670.74,0.0,1,rudder_stuck,0,none,none,0.0,0,19,0,0,46.43,0.8443803,4.514,209.6,0.083,179.6,30.0,746.82,1.2398,-0.0649,100.0,200.0,50.0,0,,,,,,
225.0,2,0.3465,0.3447,0.5236,0.35,3.868,3.868,180.0,180.0,107.452,678.19,671.1,107.45,-228.21,0.742,-25.91,0.0,25.949,25.968,-2.37,678.19,671.1,0.0,1,rudder_stuck,0,none,none,0.0,0,24,0,0,46.43,0.84435522,4.514,209.6,0.081,179.6,30.0,756.36,1.4771,-0.0926,100.0,200.0,50.0,0,,,,,,
226.0,2,0.3523,0.3503,0.5236,0.35,3.868,3.868,180.0,180.0,107.761,677.74,671.6,107.76,-242.55,0.731,-25.59,0.0,25.949,25.968,-2.53,677.74,671.6,0.0,1,rudder_stuck,0,none,none,0.0,0,29,0,0,46.43,0.84433014,4.514,209.6,0.08,179.6,30.0,756.36,1.4771,-0.0926,100.0,200.0,50.0,0,,,,,,
227.0,2,0.3549,0.3539,0.4687,0.35,3.868,3.868,180.0,180.0,108.062,677.42,672.18,108.06,-256.63,0.721,-25.33,0.0,25.949,25.968,-2.24,677.42,672.18,0.0,1,rudder_stuck,0,none,none,0.0,0,34,0,0,46.43,0.84430506,4.514,209.6,0.08,179.6,30.0,756.36,1.4771,-0.0926,100.0,200.0,50.0,0,,,,,,
228.0,2,0.359,0.3572,0.2916,0.35,3.868,3.868,180.0,180.0,108.356,677.25,672.82,108.36,-270.48,0.713,-25.09,0.0,25.949,25.968,-2.31,677.25,672.82,0.0,1,rudder_stuck,0,none,none,0.0,0,1,0,0,46.43,0.84427998,4.514,209.6,0.079,179.6,30.0,756.36,1.4771,-0.0926,100.0,200.0,50.0,0,,,,,,
229.0,2,0.3615,0.3607,0.1161,0.35,3.868,3.868,180.0,180.0,108.644,677.24,673.47,108.64,-284.14,0.706,-24.89,0.0,25.949,25.968,-2.17,677.24,673.47,0.0,1,rudder_stuck,0,none,none,0.0,0,6,0,0,46.43,0.84425491,4.514,209.6,0.078,179.6,30.0,756.36,1.4771,-0.0926,100.0,200.0,50.0,0,,,,,,
230.0,2,0.364,0.3628,-0.0574,0.35,3.868,3.868,180.0,180.0,108.928,677.38,674.11,108.93,-297.62,0.699,-24.72,0.0,25.949,25.968,-2.15,677.38,674.11,0.0,1,rudder_stuck,0,none,none,0.0,0,11,0,0,46.43,0.84422983,4.514,209.6,0.078,179.6,30.0,756.36,1.4771,-0.0926,100.0,200.0,50.0,0,,,,,,
231.0,2,0.3663,0.3656,-0.2294,0.35,3.868,3.868,180.0,180.0,109.207,677.67,674.68,109.21,-310.95,0.694,-24.56,0.0,25.949,25.968,-2.12,677.67,674.68,0.0,1,rudder_stuck,0,none,none,0.0,0,16,0,0,46.43,0.84420475,4.514,209.6,0.077,179.6,30.0,756.36,1.4771,-0.0926,100.0,200.0,50.0,0,,,,,,
232.0,2,0.3679,0.3672,-0.4002,0.35,3.868,3.868,180.0,180.0,109.483,678.08,675.18,109.48,-324.16,0.689,-24.44,0.0,25.949,25.968,-2.04,678.08,675.18,0.0,1,rudder_stuck,0,none,none,0.0,0,21,0,0,46.43,0.84417967,4.514,209.6,0.077,179.6,30.0,756.36,1.4771,-0.0926,100.0,200.0,50.0,0,,,,,,
233.0,2,0.3698,0.3692,-0.5236,0.35,3.868,3.868,180.0,180.0,109.755,678.58,675.56,109.76,-337.26,0.685,-24.32,0.0,25.949,25.968,-2.06,678.58,675.56,0.0,1,rudder_stuck,0,none,none,0.0,0,26,0,0,46.43,0.84415459,4.514,209.6,0.076,179.6,30.0,756.36,1.4771,-0.0926,100.0,200.0,50.0,0,,,,,,
234.0,2,0.3709,0.3705,-0.5236,0.35,3.868,3.868,180.0,180.0,110.025,679.16,675.82,110.03,-350.27,0.682,-24.23,0.0,25.949,25.968,-1.99,679.16,675.82,0.0,1,rudder_stuck,0,none,none,0.0,0,31,0,0,46.43,0.84412952,4.514,209.6,0.076,179.6,30.0,756.36,1.4771,-0.0926,100.0,200.0,50.0,0,,,,,,
235.0,2,0.3723,0.3717,-0.5236,0.35,3.868,3.868,180.0,180.0,110.293,679.78,675.95,110.29,-363.19,0.679,-24.14,0.0,25.949,25.968,-2.0,679.78,675.95,0.0,1,rudder_stuck,0,none,none,0.0,0,36,0,0,46.43,0.84410444,4.514,209.6,0.076,179.6,30.0,756.36,1.4771,-0.0926,100.0,200.0,50.0,0,,,,,,
236.0,2,0.3731,0.3728,-0.5236,0.35,3.868,3.868,180.0,180.0,110.559,680.4,675.93,110.56,-376.05,0.677,-24.07,0.0,25.949,25.968,-1.96,680.4,675.93,0.0,1,rudder_stuck,0,none,none,0.0,0,41,0,0,46.43,0.84407936,4.514,209.6,0.076,179.6,30.0,756.36,1.4771,-0.0926,100.0,200.0,50.0,0,,,,,,
237.0,2,0.374,0.3737,-0.5236,0.35,3.868,3.868,180.0,180.0,110.823,681.01,675.77,110.82,-388.84,0.675,-24.01,0.0,25.949,25.968,-1.95,681.01,675.77,0.0,1,rudder_stuck,0,none,none,0.0,0,46,0,0,46.43,0.84405428,4.514,209.6,0.075,179.6,30.0,756.36,1.4771,-0.0926,100.0,200.0,50.0,0,,,,,,
238.0,2,0.3748,0.3745,-0.5236,0.35,3.868,3.868,180.0,180.0,111.086,681.57,675.49,111.09,-401.59,0.673,-23.96,0.0,25.949,25.968,-1.93,681.57,675.49,0.0,1,rudder_stuck,1,rudder,actuator_mismatch,0.8736,0,50,0,0,46.43,0.8440292,4.514,209.6,0.075,179.6,30.0,756.36,1.4771,-0.0926,100.0,200.0,50.0,0,,,,,,
239.0,2,0.3754,0.3752,-0.5236,0.35,3.868,3.868,180.0,180.0,111.347,682.05,675.09,111.35,-414.3,0.671,-23.92,0.0,25.949,25.968,-1.92,682.05,675.09,0.0,1,rudder_stuck,1,rudder,actuator_mismatch,0.8736,0,50,0,0,46.43,0.84400412,4.514,209.6,0.075,179.6,30.0,754.27,-1.5594,-0.0706,100.0,200.0,50.0,0,,,,,,
239.6,2,0.3758,0.3755,-0.5236,0.35,3.868,3.868,180.0,180.0,111.504,682.29,674.8,111.5,-421.9,0.67,-23.89,0.0,25.949,25.968,-1.92,682.29,674.8,0.0,1,rudder_stuck,1,rudder,actuator_mismatch,0.8736,0,50,0,0,46.43,0.84398908,4.514,209.6,0.075,179.6,30.0,754.27,-1.5594,-0.0706,100.0,200.0,50.0,0,,,,,,
